報告次數,開課年度,課程所屬系所,作者背景科系,修課人數,選擇題占考試比例(%),會不會喇賽,會不會點名,覺得是否札實,授課教師,幾節課,報告平均字數,作者等第,*上課工具,觀念講解,上課講義,作業總佔分比例(%),期考難度,課程類別,調分幅度(=甜度),口條清晰,課程有趣程度,注重出席率,上課時間,上課地點,課外內容,*通識課程領域,可否打瞌睡,期考總佔分比例(%),期考次數,報告總佔分比例(%),覺得涼,ID,*教師特色,講話速度,覺得這門課很花時間,作業次數,會不會考課外內容,*開課學期,推薦指數,申論題占考試比例(%),*作業類型,教室擁擠程度,出席率佔分比例(%),作業難度,課程名稱,小考次數,*上課氣氛,*課程要求,覺得甜,*期考題型,作業類型,期考平均占分比例(%),小考平均占分比例(%),開課學期,覺得扎實(總和)
報告次數1,開課年度98,,,,,,,,授課教師曹淑娟,,,,*上課工具投影片,,上課講義自製,,,課程類別通識,調分幅度(=甜度)沒調,,,注重出席率不會,,,,*通識課程領域A1,,,,報告總佔分比例(%)40,,ID1CEQdtDq,*教師特色人很好,,,作業次數2,,*開課學期下學期,推薦指數5,,*作業類型報告,,,,課程名稱中國園林文學與美學,,,,,,,,,,
報告次數1,開課年度98,,,,,,會不會點名不會,,授課教師蔡振家,,,,*上課工具投影片&影片,,,,,課程類別通識,,,,,,,,*通識課程領域A1&A8,,期考總佔分比例(%)40,期考次數2,報告總佔分比例(%)40,,ID1C83Vv8f,,,,,,*開課學期下學期,推薦指數5,,,,,,課程名稱音樂、演化與大腦,,,,,,,,,,
,開課年度98,,,,,,,,授課教師張文薰,,,,*上課工具投影片&影片,觀念講解清楚,上課講義自製,,期考難度普通(=不會很難),課程類別通識,調分幅度(=甜度)微調,口條清晰清晰,,注重出席率會,,,,*通識課程領域A1&A3,,,期考次數1,,,ID1CDJ5qfw,*教師特色教學用心&人很好,,,,,*開課學期下學期,推薦指數4.5,,*作業類型交心得,,,,課程名稱東亞近代文學選讀,,,,,,,,,,
報告次數2,開課年度98,,,,,,會不會點名會,覺得是否札實滿扎實的,授課教師陳峙維,,報告平均字數3500,,*上課工具投影片,,,,,課程類別通識,,,課程有趣程度高,,,,,*通識課程領域A1,,,,報告總佔分比例(%)60,,ID1CD9zOp-,*教師特色教學用心&人很好,,,,,*開課學期下學期,推薦指數5,,,教室擁擠程度擁擠,,,課程名稱全球音樂文化,小考次數4,,,,,,,,,覺得扎實(總和)扎實
,開課年度98,,,,,,會不會點名會,,授課教師張靜二,,,,,,上課講義自製,,,課程類別通識,,,課程有趣程度低,,,,,*通識課程領域A1,可否打瞌睡不可以,期考總佔分比例(%)100,,,覺得涼很涼,ID1CPNiu5n,*教師特色講話催眠,,,,,*開課學期下學期,推薦指數2,,,,,,課程名稱西洋戲劇與戲劇家,,,,,,,,,,
,開課年度98,,,,,,,覺得是否札實非常扎實,授課教師歐素瑛,,,,*上課工具投影片,,,作業總佔分比例(%)30,,課程類別通識,調分幅度(=甜度)微調,,,,,,,*通識課程領域A2,,期考總佔分比例(%)30,期考次數2,報告總佔分比例(%)30,,ID1CCke4da,*教師特色人很好,,,作業次數2,,*開課學期下學期,推薦指數5&1,,*作業類型交心得,,,,課程名稱台灣近代史,,,,,,,,,,覺得扎實(總和)扎實
,開課年度98,,,,,,會不會點名不會,,授課教師歐素瑛,,,,*上課工具投影片,,上課講義自製,作業總佔分比例(%)30,,課程類別通識,,,課程有趣程度高,,,,,*通識課程領域A2,,期考總佔分比例(%)30,,報告總佔分比例(%)30,,ID1CEpbubs,,,,作業次數2,,*開課學期下學期,推薦指數5,,*作業類型交心得,,,,課程名稱台灣近代史,,*上課氣氛歡樂,,,,,,,,
,開課年度98,,,,,,會不會點名會,覺得是否札實非常扎實,授課教師方震華,,,,*上課工具投影片,,,,,課程類別通識,,,課程有趣程度高,,,,課外內容偏多,*通識課程領域A2,,,,,,ID1CClYLhh,,,,,,*開課學期下學期,推薦指數5,,,,,,課程名稱戰爭之外的軍事史,,,,,,,,,,覺得扎實(總和)扎實
報告次數1,開課年度98,,,,,,,,授課教師方震華,,報告平均字數3000,,*上課工具投影片,,,,,課程類別通識,,,,,,,課外內容偶爾有,*通識課程領域A2,,期考總佔分比例(%)60,,報告總佔分比例(%)30,,ID1CDox47n,*教師特色教學用心,,,,,*開課學期下學期,推薦指數5,,,,出席率佔分比例(%)10,,課程名稱戰爭之外的軍事史,,,,,,,,,,
,開課年度98,,,,,,,,授課教師張嘉鳳,,,,*上課工具板書&投影片,,,,,課程類別通識,調分幅度(=甜度)微調,,,,,,,*通識課程領域A2,,期考總佔分比例(%)100,期考次數1,,,ID1CCgHJhO,,,,,,*開課學期下學期,推薦指數4&0.5,申論題占考試比例(%)100,,,,,課程名稱中國古代的社會與生活,,,,,,,,,,
,開課年度98,,,,,,,,授課教師張嘉鳳,,,,,,,,,課程類別通識,,,,,,,,*通識課程領域A2,,,,,,ID1CC-GkM6,*教師特色逗趣,,,,,*開課學期下學期,推薦指數5,申論題占考試比例(%)100,,,,,課程名稱中國古代的社會與生活,,,*課程要求課前預習&指定閱讀,,,,,,,
,開課年度98,,,,,,會不會點名會,,授課教師王世宗,,報告平均字數5000,,,,上課講義自製,,,課程類別通識,,,,,,,,*通識課程領域A2&A3,,,,,,ID1CB3UzIh,,,,,,*開課學期下學期,推薦指數4.5,,,,,,課程名稱歷史與圖像,,,,,,,,,,
,,,,,,,會不會點名會,,授課教師王世宗,,,,,,,,,,,,,注重出席率會,,,,,,,,,,ID1CChe03l,,,,,,,推薦指數4&1,申論題占考試比例(%)100,,,,,課程名稱歷史與圖像,,,,,,,,,,
,開課年度98,,,,選擇題占考試比例(%)60,,會不會點名不會,覺得是否札實滿扎實的,授課教師楊典錕,,,,,,,作業總佔分比例(%)30,,課程類別通識,,,課程有趣程度高,,,,,*通識課程領域A3,,期考總佔分比例(%)70,期考次數2,,,ID1CEiZoRI,*教師特色人很好&會講笑話,,,作業次數3,會不會考課外內容會,*開課學期下學期,推薦指數5,,*作業類型報告,,,,課程名稱日本近代歷史人物,,,,覺得甜微甜,,,,,,覺得扎實(總和)扎實
報告次數1,開課年度98,,,,,,會不會點名會,,授課教師藍弘岳,,報告平均字數2000,作者等第A+,*上課工具投影片&影片,,,作業總佔分比例(%)40,,課程類別通識,,,,,,,,*通識課程領域A3,可否打瞌睡可以,期考總佔分比例(%)30,期考次數1,報告總佔分比例(%)30,,ID1CE0iyeV,,,,作業次數1,,*開課學期下學期,推薦指數5,,,,,,課程名稱日本文化史,,,,,,,,,,
,開課年度98,,,,,,,,授課教師費昌勇,,,,,,,,,課程類別通識,,,,,,,,*通識課程領域A4&A8,,期考總佔分比例(%)80,期考次數2,,,ID1CEQOvQP,,,,,,*開課學期下學期,推薦指數5,,,,出席率佔分比例(%)15,,課程名稱動物權思潮,,,,覺得甜很甜,,,,,,
報告次數4,開課年度98,,,,,,,,授課教師蔡耀明,幾節課3,,作者等第A+,,,,,,課程類別通識,,,,,,,課外內容很多,*通識課程領域A4,,,,,覺得涼微涼,ID1CDCQesx,*教師特色人很好,講話速度偏慢,,,,*開課學期下學期,推薦指數5,,,,,,課程名稱佛教的生命探索,,*上課氣氛歡樂,,覺得甜微甜,,,,,,
報告次數4,開課年度98,,,,,,,,授課教師蔡耀明,,,,,,,,,課程類別通識,,,,,,,,*通識課程領域A4,可否打瞌睡可以,,,報告總佔分比例(%)80,覺得涼很涼,ID1CFUbXOr,,,,,,*開課學期下學期,推薦指數5&4&3,,,,,,課程名稱佛教的生命探索,,,,覺得甜很甜,,,,,,
,開課年度98,,,,選擇題占考試比例(%)80,,會不會點名會,覺得是否札實非常扎實,授課教師周泰立,,,作者等第A+,*上課工具板書&投影片,觀念講解清楚,,作業總佔分比例(%)10,,課程類別通識,,,,注重出席率不會,,,,*通識課程領域A5&A8,,期考總佔分比例(%)90,期考次數2,,,ID1CBPy18v,,,,,,*開課學期下學期,推薦指數5,,*作業類型交心得,,,,課程名稱普通心理學丙,,,,覺得甜很甜,,,,,,覺得扎實(總和)扎實
,開課年度98,,,,選擇題占考試比例(%)100,,,,授課教師吳中書,,,,,,,作業總佔分比例(%)20,期考難度很簡單,課程類別通識,,,,注重出席率不會,,,,*通識課程領域A5,,期考總佔分比例(%)80,期考次數2,,,ID1C9rTtUT,*教師特色人很好,,,作業次數2,,*開課學期下學期,推薦指數4.5,,,,,作業難度很簡單,課程名稱經濟學二,,,,覺得甜很甜,,,,,,
,開課年度98,,,,選擇題占考試比例(%)100,,,,授課教師吳中書,,,,,觀念講解清楚,,作業總佔分比例(%)20,,課程類別通識,調分幅度(=甜度)微調,,課程有趣程度中,注重出席率不會,,,,*通識課程領域A5,,期考總佔分比例(%)80,期考次數2,,,ID1CAiWlXa,*教師特色人很好&逗趣,,,作業次數2,,*開課學期下學期,推薦指數5,,,,,,課程名稱經濟學二,,,,覺得甜很甜,,,,,,
,開課年度98,,,,,,會不會點名會,,授課教師何輝慶,幾節課3,,作者等第A+,*上課工具投影片&影片,,上課講義自製,,,課程類別通識,,,,,,,,*通識課程領域A5,,期考總佔分比例(%)50,期考次數2,,,ID1CCezGxc,,,,,,*開課學期下學期,推薦指數4,申論題占考試比例(%)100,*作業類型交心得,,,,課程名稱憲政體制與民主發展,,,,,,,,,,
,開課年度98,,,,,,,,授課教師吳瑞屯,,,,,,上課講義自製,,期考難度難,課程類別通識,調分幅度(=甜度)調很大,,,,,,,*通識課程領域A5,,,期考次數2,,,ID1CDkjWM3,*教師特色人很好,,,,,*開課學期下學期,推薦指數4,,,教室擁擠程度鬆散,,,課程名稱普通心理學丙,,,,覺得甜很甜,,,,,,
,開課年度98,,,,,,,,授課教師曾嬿芬,,,,*上課工具投影片,,上課講義自製,作業總佔分比例(%)50,,課程類別通識,,,,注重出席率不會,,,,*通識課程領域A5,,,,,,ID1CDW4Cxu,*教師特色人很好,,,作業次數5,,*開課學期下學期,推薦指數4,,,,,,課程名稱社會學導論,,,*課程要求課後心得&指定閱讀,覺得甜微甜,,,,,,
,開課年度98,,,,,,會不會點名不會,覺得是否札實滿扎實的,授課教師陳明通,,,,*上課工具投影片,,,,,課程類別通識,,,,,,,,*通識課程領域A5,,期考總佔分比例(%)100,期考次數1,,,ID1CKmF29E,,,,,,*開課學期上學期,推薦指數0,申論題占考試比例(%)100,,,,,課程名稱本國憲法導論,,,,,,,,,,覺得扎實(總和)扎實
報告次數1,開課年度98,,,,,,會不會點名會,,授課教師謝寶煖,,,,*上課工具投影片,,,,,課程類別通識,,,,,,,,*通識課程領域A5,,,,,,ID1CFoJY-Y,*教師特色人很好,,,作業次數2,,*開課學期下學期,推薦指數4.5,,,,,,課程名稱資訊網路資源利用,,,,,,,,,,
報告次數2,開課年度98,,,,,,會不會點名不會,覺得是否札實滿扎實的,授課教師謝寶煖,幾節課3,,,*上課工具投影片,,,,,課程類別通識,,,,,,,,*通識課程領域A5,可否打瞌睡不可以,期考總佔分比例(%)30,期考次數1,報告總佔分比例(%)60,,ID1CFSUkJ6,,,,,,*開課學期下學期,推薦指數4&0,,,,,,課程名稱資訊結構與網站設計,,,,,,,,,,覺得扎實(總和)扎實
,開課年度98,,,,,,,覺得是否札實滿扎實的,授課教師多人授課,,,,*上課工具投影片,,,,,課程類別通識,,,,注重出席率會,,,課外內容偏多,*通識課程領域A7,,期考總佔分比例(%)70,期考次數1,,,ID1CDjSZns,,,,,,*開課學期下學期,推薦指數5&5&4&3,,,,,,課程名稱地球環境概論,,*上課氣氛讓人想睡,,覺得甜微甜,,,,,,覺得扎實(總和)扎實
報告次數1,開課年度98,,,,,,會不會點名會,,授課教師劉如熹,,,,*上課工具投影片,,,,,課程類別通識,,,課程有趣程度低,注重出席率會,,,,*通識課程領域A7,,,期考次數1,,,ID1CC-QRkv,,,,,,*開課學期下學期,,,,,,,課程名稱從化學看世界,,,,覺得甜很甜,,,,,,
報告次數1,開課年度98,,,,,,會不會點名會,,授課教師劉如熹,,,,*上課工具投影片,,,,,課程類別通識,,,課程有趣程度低,注重出席率會,,,,*通識課程領域A7,,,期考次數1,,,ID1CC_53pW,*教師特色會講笑話,,,,,*開課學期下學期,推薦指數5&3,,,,,,課程名稱從化學看世界,,,,覺得甜很甜,,,,,,
,,,,,選擇題占考試比例(%)80,,,,授課教師多人授課,,,,*上課工具投影片,,,,,,,,,注重出席率不會,,,,,,期考總佔分比例(%)100,期考次數1,,,ID1CDNZija,,,,,,,推薦指數5&5,,,,,,課程名稱醫學與生活,,*上課氣氛讓人想睡,,覺得甜很甜,,,,,,
,開課年度99,,,,選擇題占考試比例(%)60,,,,授課教師楊典錕,,,,*上課工具板書&投影片,,,作業總佔分比例(%)20,,課程類別通識,,,,,,,,*通識課程領域A2&A3,,期考總佔分比例(%)70,期考次數2,,,ID1DBLDvvg,,,,作業次數2,會不會考課外內容會,*開課學期上學期,推薦指數3,申論題占考試比例(%)20,,,,,課程名稱日本近代歷史人物,,,,,*期考題型選擇&申論&簡答,,,,,
,開課年度99,,,,,,,,授課教師吳玉瑩,,,,,觀念講解不清楚,,,,課程類別通識,,,,,,,,*通識課程領域A5,,期考總佔分比例(%)100,期考次數2,,,ID1DBNSQNi,,,,,,*開課學期上學期,推薦指數3,,,,,,課程名稱經濟學一,,,,覺得甜微甜,,,,,,
,開課年度99,,,,,,,,授課教師錢玉芬,,,,*上課工具投影片,,上課講義自製,作業總佔分比例(%)70,,課程類別通識,,,課程有趣程度高,注重出席率會,,,,*通識課程領域A4,,,,,,ID1DC0pHrg,*教師特色人很好,,,作業次數10,,*開課學期上學期,推薦指數5,,*作業類型交心得,,出席率佔分比例(%)40,作業難度普通(=不會很難),課程名稱心靈洞察與健康,,,*課程要求課後心得,,,,,,,
,開課年度99,,,,,,會不會點名不會,,授課教師黃炎東,,,,,,上課講義教科書,,,課程類別通識,,,,注重出席率會,,,,*通識課程領域A5,,,期考次數2,,,ID1DC3RclZ,,,,,,*開課學期上學期,推薦指數5&1&1,申論題占考試比例(%)100,,教室擁擠程度鬆散,,,課程名稱本國憲法導論,,,,覺得甜不甜,*期考題型申論,,,,,
,開課年度99,,,,,,,,授課教師吳啟訥,,,,,,,,期考難度普通(=不會很難),,,,,,,,,*通識課程領域A2,,期考總佔分比例(%)40,,報告總佔分比例(%)40,覺得涼很涼,ID1DC7Hqd9,*教師特色教學用心&人很好,,,,,*開課學期上學期,推薦指數4.5,,,,出席率佔分比例(%)20,,課程名稱近代中國邊疆史,,,,,*期考題型選擇,,,,,
,開課年度99,,,,選擇題占考試比例(%)30,,會不會點名不會,,授課教師楊典錕,,,,,,上課講義自製,,,課程類別通識,,,,,,,,*通識課程領域A3,,,期考次數2,,,ID1DC95nw6,*教師特色教學用心&人很好,,,作業次數2,,*開課學期上學期,,,,,,,課程名稱日本近代歷史人物,,,,,*期考題型選擇&簡答,,,,,
報告次數1,開課年度99,,,,,,會不會點名會,覺得是否札實非常扎實,授課教師曾宗盛,,,,,,,,期考難度很難,課程類別通識,,,,,,,,*通識課程領域A2&A3,,期考總佔分比例(%)30,期考次數1,報告總佔分比例(%)40,,ID1DCABVQV,,,,,,*開課學期上學期,推薦指數5&1,,,,,,課程名稱希伯來經典與世界文明,,,,覺得甜不甜,*期考題型簡答,,,,,覺得扎實(總和)扎實
,開課年度99,,,,,,,,授課教師胡志偉,,,,*上課工具投影片&影片,,,作業總佔分比例(%)10,,課程類別通識,,,,,,,,*通識課程領域A5&A8,,期考總佔分比例(%)90,期考次數2,,,ID1DCAkpH0,*教師特色教學用心,,,,,*開課學期上學期,推薦指數3,,,,,,課程名稱普通心理學,,*上課氣氛沉悶,,覺得甜微甜,*期考題型選擇&申論&簡答,,,,,
,開課年度99,,,,,,會不會點名會,,授課教師吳鼎武,,報告平均字數2500,,*上課工具投影片,,,,,課程類別通識,,,課程有趣程度高,,,,,*通識課程領域A1,,,,報告總佔分比例(%)100,,ID1DCHmsYh,*教師特色人很好,,,,,*開課學期上學期,推薦指數5&2,,,,,,課程名稱媒體與藝術,,,,,,,,,,
報告次數1,開課年度99,,,,,,,,授課教師吳啟訥,,報告平均字數500,,*上課工具投影片,,上課講義自製,,,課程類別通識,,,,,,,,*通識課程領域A2,,期考總佔分比例(%)40,期考次數1,報告總佔分比例(%)40,,ID1DCJC3zA,,,,,,*開課學期上學期,推薦指數5&2,,,,出席率佔分比例(%)20,,課程名稱近代中國邊疆史,,,,,*期考題型選擇,,,,,
,開課年度99,,,,,,,,授課教師傅皓政,,,,,,,作業總佔分比例(%)30,期考難度很簡單,,,,,注重出席率不會,,,,*通識課程領域A4,,期考總佔分比例(%)60,期考次數2,,,ID1DCL806l,*教師特色人很好&會講笑話,,,作業次數2,,*開課學期上學期,推薦指數5,,*作業類型手寫,,出席率佔分比例(%)10,,課程名稱邏輯,,*上課氣氛輕鬆,,,*期考題型是非&簡答,,,,,
報告次數1,開課年度99,,,,,,,覺得是否札實非常扎實,授課教師徐光蓉,,,,*上課工具投影片,,,,,課程類別通識,,,,,,,,*通識課程領域A7,,期考總佔分比例(%)65,期考次數1,報告總佔分比例(%)35,,ID1DCPsDuS,,,,,,*開課學期上學期,,,,教室擁擠程度鬆散,,,課程名稱大氣環境,,,,覺得甜微甜,,,,,,覺得扎實(總和)扎實
報告次數1,開課年度99,,,,,,會不會點名會,覺得是否札實非常扎實,授課教師栗國成,,報告平均字數5000,,,,上課講義自製,,,課程類別通識,,,,注重出席率會,,,,,,,期考次數1,,,ID1DCnUf1b,*教師特色嘴砲,,,,,*開課學期上學期,推薦指數5,申論題占考試比例(%)100,,,,,課程名稱當代中共政治發展,,,,,*期考題型申論,,,,,覺得扎實(總和)扎實
報告次數1,開課年度99,,,,,,,,授課教師劉有恆,幾節課2,報告平均字數2000,,,,,,,課程類別通識,,,,,,,,*通識課程領域A5,,期考總佔分比例(%)50,期考次數1,報告總佔分比例(%)50,覺得涼很涼,ID1DD7baJY,*教師特色人很好,講話速度很快,覺得這門課很花時間是,,,*開課學期上學期,推薦指數5&5&3&1&1&1,,,,,,課程名稱國會與憲政民主,,,,,,,,,,
,開課年度99,,,,,,,,授課教師李錫錕,,,,,,上課講義自製,,,課程類別通識,,,,,,,,*通識課程領域A5,,期考總佔分比例(%)100,期考次數1,,,ID1DD8RhBV,*教師特色嘴砲,,,,,*開課學期上學期,推薦指數5,,,,,,課程名稱政治概論,,,,,*期考題型申論,,,,,
報告次數1,開課年度99,,,,,,,覺得是否札實非常扎實,授課教師黃俊傑,,,,*上課工具投影片&影片&音樂,,,,,課程類別通識,,,,,,,,*通識課程領域A2&A3,,期考總佔分比例(%)50,期考次數2,報告總佔分比例(%)30,,ID1DDEGMTH,,,,,,*開課學期上學期,推薦指數5&1,,,,出席率佔分比例(%)20,,課程名稱黃俊傑 大學之理念：傳統與現代,,,*課程要求指定閱讀,,*期考題型申論,,,,,覺得扎實(總和)扎實
報告次數5,開課年度99,,,,,,,覺得是否札實非常扎實,授課教師劉慧,,,,*上課工具投影片,觀念講解清楚,,,,課程類別通識,,口條清晰清晰,,,,,,*通識課程領域A2&A3,,,,報告總佔分比例(%)80,,ID1DDPFqfx,*教師特色幽默風趣,,,,,*開課學期上學期,,,,,出席率佔分比例(%)20,,課程名稱西方文明史,,,*課程要求指定閱讀,覺得甜微甜,,,,,,覺得扎實(總和)扎實
,開課年度99,,,,,,,,授課教師黃俊郎,幾節課3,,,,,上課講義自製,,期考難度普通(=不會很難),課程類別通識,,,,,,,,*通識課程領域A6,,,期考次數2,,,ID1DDPVxtF,*教師特色上課複習,,,,,*開課學期上學期,推薦指數5,,,,出席率佔分比例(%)20,,課程名稱計算機程式設計,小考次數2,,,覺得甜微甜,,,,,,
報告次數2,開課年度99,,,,,,會不會點名會,,授課教師蔡振家,,,,*上課工具投影片&影片,,,,,課程類別通識,,,,,,,,*通識課程領域A1,,期考總佔分比例(%)30,期考次數1,報告總佔分比例(%)50,覺得涼微涼,ID1DDlFIRm,*教師特色人很好,,,,,*開課學期上學期,推薦指數5,,,,,,課程名稱地方戲曲音樂,,,*課程要求指定閱讀,覺得甜微甜,*期考題型申論,,,,,
報告次數1,開課年度99,,,,,,會不會點名會,,授課教師蔡耀明,,,,,,上課講義自製,,,課程類別通識,,,,,,,,*通識課程領域A4,可否打瞌睡可以,,,,覺得涼很涼,ID1DDlrk26,,,,作業次數3,,*開課學期上學期,推薦指數5&3,,,,,,課程名稱宗教哲學,,,,覺得甜很甜,,,,,,
報告次數1,開課年度99,,,,,,會不會點名會,覺得是否札實滿扎實的,授課教師賴文崧,,,,*上課工具投影片,觀念講解清楚,上課講義自製,,,課程類別通識,,,,,,,,*通識課程領域A5&A8,,,期考次數2,,,ID1DE3omKo,*教師特色教學用心,,,作業次數2,,*開課學期上學期,推薦指數5,,*作業類型交心得,,,,課程名稱普通心理學,,,,,*期考題型簡答,,,,,覺得扎實(總和)扎實
報告次數1,開課年度99,,,,,,會不會點名會,覺得是否札實滿扎實的,授課教師邱于真,,,,,觀念講解清楚,,作業總佔分比例(%)40,,課程類別通識,,口條清晰清晰,課程有趣程度高,注重出席率不會,,,,*通識課程領域A5,,,,報告總佔分比例(%)40,,ID1DE6sJNT,*教師特色人很好,,,作業次數3,,*開課學期上學期,推薦指數5,,*作業類型報告&交心得,,,,課程名稱教育與文化脈絡,,,*課程要求指定閱讀,覺得甜微甜,,,,,,覺得扎實(總和)扎實
,開課年度99,,,,,,,覺得是否札實滿扎實的,授課教師吳清吉,,,,,,,,,課程類別通識,調分幅度(=甜度)微調,,,,,,,*通識課程領域A7,,期考總佔分比例(%)80,,,,ID1DESlC-C,*教師特色人很好,,,,,*開課學期上學期,推薦指數5,,,,,,課程名稱天氣與氣候,,*上課氣氛讓人想睡,,覺得甜微甜,*期考題型選擇&填充&簡答,,,,,覺得扎實(總和)扎實
報告次數1,開課年度99,,,,,,會不會點名會,,授課教師吳啟訥,,報告平均字數500,,,,,,,課程類別通識,,,,,,,,*通識課程領域A1&A2,,期考總佔分比例(%)40,,報告總佔分比例(%)40,,ID1DEw_5hM,*教師特色逗趣,,,,,*開課學期上學期,推薦指數5,,,,出席率佔分比例(%)20,,課程名稱近代中國邊疆史,,*上課氣氛歡樂&輕鬆,,覺得甜很甜,*期考題型選擇,,,,,
,開課年度99,,,,選擇題占考試比例(%)100,,,,授課教師多人授課,,,,*上課工具投影片&影片,,,,,課程類別通識,,,課程有趣程度低,,,,,*通識課程領域A7,,,期考次數1,,,ID1DFOA1LH,,,,,,*開課學期上學期,推薦指數3,,,,出席率佔分比例(%)40,,課程名稱地球環境概論,,*上課氣氛讓人想睡,,覺得甜微甜,*期考題型選擇,,,,,
,開課年度99,,,,,,,,授課教師何輝慶,,,,*上課工具投影片,,,,,課程類別通識,,,,,,,,*通識課程領域A5,,,期考次數1,,,ID1DFOKQo2,,,,,,*開課學期上學期,推薦指數5,申論題占考試比例(%)100,*作業類型交心得,,,,課程名稱我國憲法與憲政發展,,,,,*期考題型申論,,,,,
,開課年度99,,,,選擇題占考試比例(%)60,,,覺得是否札實滿扎實的,授課教師多人授課,幾節課2,,,*上課工具投影片,,,,,課程類別通識,,,,,,,,*通識課程領域A7,可否打瞌睡可以,期考總佔分比例(%)60,期考次數1,,,ID1DFS6y2m,*教師特色講話催眠&逗趣,,,,,*開課學期上學期,推薦指數5&5&3.5&2,,,,出席率佔分比例(%)40,,課程名稱地球環境概論,,,,覺得甜微甜,*期考題型選擇&簡答,,,,,覺得扎實(總和)扎實
,開課年度99,,,,,,會不會點名不會,,授課教師黃炎東,,,,,,,,,課程類別通識,,,,,,,,*通識課程領域A5,可否打瞌睡可以,,期考次數2,,,ID1DFSp4nU,,,,,,*開課學期上學期,推薦指數5&4,,,,,,課程名稱本國憲法導論,小考次數2,*上課氣氛讓人想睡,,,,,,,,
,開課年度99,,,,,,,,授課教師黃炎東,,,,*上課工具板書,,,,,課程類別通識,,,,,,,,*通識課程領域A5,,,期考次數2,,覺得涼很涼,ID1DFce_hw,,,,,,*開課學期上學期,推薦指數5&1&1,,,教室擁擠程度鬆散,,,課程名稱本國憲法導論,小考次數2,,,覺得甜不甜,,,,,,
報告次數1,開課年度99,,,,,,,覺得是否札實滿扎實的,授課教師黃麗生,,,作者等第A+,*上課工具投影片,,,,,課程類別通識,,,,,,,,*通識課程領域A3,可否打瞌睡可以,期考總佔分比例(%)40,期考次數2,報告總佔分比例(%)40,,ID1DFd1yOo,,,,,,*開課學期上學期,推薦指數4,,,,,,課程名稱北亞草原文化概論,,,*課程要求課後心得,覺得甜微甜,*期考題型填充&申論,,,,,覺得扎實(總和)扎實
,開課年度99,,,,,,,覺得是否札實滿扎實的,授課教師陳信希,幾節課2,,,*上課工具投影片,,上課講義教科書,,,課程類別通識,,,,,上課時間下午,,,*通識課程領域A6,,,,,,ID1DFvHDzy,*教師特色人很好,,,作業次數14,,*開課學期上學期,推薦指數5,,*作業類型程式,,,,課程名稱計算機程式設計,,*上課氣氛讓人想睡,,覺得甜微甜,,,,,,覺得扎實(總和)扎實
報告次數1,開課年度99,課程所屬系所文學院,,,,,會不會點名會,,授課教師歐素瑛,,報告平均字數4000,,*上課工具投影片,,,,期考難度很簡單,課程類別通識,,,,,,,,*通識課程領域A2,,,期考次數1,,,ID1DGcnwTa,*教師特色人很好,,,作業次數2,,*開課學期上學期,推薦指數5,,*作業類型交心得,,,,課程名稱台灣近代史,,*上課氣氛輕鬆,*課程要求討論區發文,覺得甜很甜,,,,,,
報告次數3,開課年度99,,,,,,,,授課教師蔡瑜,,,,,,,,,課程類別通識,,,,,,,,*通識課程領域A1,,期考總佔分比例(%)50,期考次數2,,,ID1DGge5iL,*教師特色講話溫柔&善於引導&學識豐富,,,,,*開課學期上學期,,,,,,,課程名稱中國自然詩品賞,,*上課氣氛歡樂,,覺得甜很甜,,,,,,
,開課年度99,,,,,,,,授課教師周希諴,,,,*上課工具投影片&影片,,,,,課程類別通識,,,,,,,,*通識課程領域A4,,,,,覺得涼很涼,ID1DHCeOBp,,,,,,*開課學期上學期,,,,,,,課程名稱從醫學看生死,,,*課程要求課後心得,覺得甜很甜,,,,,,
,開課年度99,,,,,,會不會點名不會,覺得是否札實滿扎實的,授課教師劉靜怡,,,,,,,,,課程類別通識,,,,,,,,*通識課程領域A5,,,期考次數2,,,ID1DHEC3k0,,,,,,*開課學期上學期,推薦指數3,申論題占考試比例(%)100,,,,,課程名稱民主憲政與基本人權,,,,,*期考題型申論,,,,,覺得扎實(總和)扎實
,開課年度99,,,,,,,覺得是否札實滿扎實的,授課教師孫維新,幾節課2,,,*上課工具投影片&影片,,上課講義自製,作業總佔分比例(%)40,,課程類別通識,,,,注重出席率不會,,,,*通識課程領域A7,,期考總佔分比例(%)60,期考次數2,,,ID1DHzdRkc,*教師特色幽默風趣,,,作業次數2,,*開課學期上學期,推薦指數5,,*作業類型交心得,教室擁擠程度擁擠,,,課程名稱認識星空,,,,覺得甜微甜,*期考題型簡答,,,,,覺得扎實(總和)扎實
,開課年度99,,,,,,,覺得是否札實滿扎實的,授課教師李錫錕,,,,,,,,,課程類別通識,,,課程有趣程度高,,,,,*通識課程領域A5,,期考總佔分比例(%)100,期考次數1,,,ID1DKxH4Fm,,,,,,*開課學期上學期,推薦指數5,申論題占考試比例(%)100,,,,,課程名稱政治概論,,,,覺得甜微甜,*期考題型申論,,,,,覺得扎實(總和)扎實
,開課年度99,,,,選擇題占考試比例(%)100,,,覺得是否札實滿扎實的,授課教師魏國彥,,,,*上課工具投影片,,上課講義教科書,,,課程類別通識,,,,注重出席率不會,,,,*通識課程領域A8,,,期考次數2,,,ID1DMyGgbD,*教師特色幽默風趣,,,,,*開課學期上學期,推薦指數4,,,,,,課程名稱生物的演化與絕滅,,,,覺得甜不甜,*期考題型選擇,,,,,覺得扎實(總和)扎實
,開課年度99,,,,,,,覺得是否札實滿扎實的,授課教師莊榮輝,,,,*上課工具影片,觀念講解清楚,,,,課程類別通識,,口條清晰清晰,,,,,,*通識課程領域A8,,期考總佔分比例(%)60,期考次數2,報告總佔分比例(%)20,,ID1DMzcfmA,*教師特色人很好,,,作業次數2,,*開課學期上學期,推薦指數4,,,,,,課程名稱細胞、分子與生命,,,,覺得甜微甜,*期考題型簡答,,,,,覺得扎實(總和)扎實
,開課年度99,,,,,,會不會點名會,覺得是否札實滿扎實的,授課教師歐素瑛,,,,*上課工具投影片,,上課講義自製,,,課程類別通識,,,,,,,,*通識課程領域A2,,,,,,ID1DM-BYu,*教師特色人很好,,,作業次數3,,*開課學期上學期,推薦指數5,,*作業類型報告&交心得,,,作業難度難,課程名稱台灣歷史與人物,,,,覺得甜微甜,,,,,,覺得扎實(總和)扎實
,開課年度99,,,,,,會不會點名會,,授課教師邱鳳臨,,,,*上課工具板書,,上課講義自製,,期考難度很難,課程類別通識,,,,,,,,,,期考總佔分比例(%)100,,,覺得涼很涼,ID1DM-yorf,*教師特色講話催眠,,,,,*開課學期上學期,推薦指數2,,,,,,課程名稱富裕與貧窮,,,,,*期考題型選擇&是非,,,,,
,開課年度99,,,,,,,,授課教師齊肖琪,,,,*上課工具投影片&影片,,,,,課程類別通識,,,,,,,,,,,,,,ID1DNYUFaQ,,,,,,*開課學期上學期,推薦指數5,,,,,,課程名稱生命的探索,,,*課程要求課後心得,覺得甜微甜,,,,,,
報告次數1,開課年度99,,,,,,,,授課教師曹峰銘,,,,*上課工具投影片,,上課講義教科書,,,課程類別通識,,,,注重出席率不會,,,,*通識課程領域A5&A8,,期考總佔分比例(%)65,期考次數2,,,ID1DN_1r4a,*教師特色講話催眠,,,作業次數2,,*開課學期上學期,推薦指數4,,*作業類型交心得,,,,課程名稱普通心理學,,,,,*期考題型選擇&簡答,,,,,
報告次數2,開課年度99,,,,,,會不會點名不會,,授課教師楊典錕,,報告平均字數1000,,*上課工具投影片,,,,,課程類別通識,,,,,,,,*通識課程領域A3,,期考總佔分比例(%)80,期考次數2,報告總佔分比例(%)20,,ID1DOwgwol,*教師特色教學用心,,,,,*開課學期上學期,推薦指數4,,,,,,課程名稱日本近代歷史人物,,,,覺得甜微甜,*期考題型選擇&申論&簡答,,,,,
報告次數1,開課年度99,,,,,,會不會點名會,,授課教師曾宗盛,幾節課3,,作者等第A+,*上課工具投影片&影片,,,,,課程類別通識,,,,,,,,*通識課程領域A2&A3,,期考總佔分比例(%)30,期考次數1,報告總佔分比例(%)40,,ID1DPJ_WrC,,,,,,*開課學期上學期,推薦指數5&5&4&4&0.5&0.5,,,,出席率佔分比例(%)20,,課程名稱希伯來經典與世界文明,,,,覺得甜很甜,*期考題型簡答,,,,,
,開課年度99,,,,,,會不會點名會,覺得是否札實滿扎實的,授課教師楊植勝,,,,,,上課講義自製,作業總佔分比例(%)20,,課程類別通識,調分幅度(=甜度)沒調,,,,,,,,,期考總佔分比例(%)60,期考次數2,,,ID1DPekxR3,,,覺得這門課很花時間是,作業次數2,,*開課學期上學期,推薦指數4.5&3,,*作業類型交心得,,,,課程名稱美學,,,,,*期考題型申論,,,,,覺得扎實(總和)扎實
,開課年度99,,,,,,,,授課教師古偉瀛,,,,*上課工具投影片&影片,,上課講義自製,,期考難度難,課程類別通識,,,課程有趣程度高,,,,,*通識課程領域A2,,,期考次數1,,,ID1E12v3zG,*教師特色人很好,,,作業次數2,,*開課學期下學期,,,*作業類型交心得,,,,課程名稱歷史的轉捩點,,,,覺得甜微甜,*期考題型申論,,,,,
,開課年度99,,,,,,,,授課教師多人授課,,,,*上課工具投影片&影片,,,,期考難度難,課程類別通識,,,課程有趣程度低,注重出席率會,,,,,,期考總佔分比例(%)60,期考次數2,報告總佔分比例(%)20,覺得涼很涼,ID1E19YHDX,,,,,,*開課學期下學期,推薦指數2,,,,出席率佔分比例(%)20,,課程名稱海洋科學概論,,*上課氣氛讓人想睡,,,*期考題型選擇,,,,,
報告次數1,開課年度99,,,,,,,覺得是否札實滿扎實的,授課教師呂世浩,,,作者等第A,*上課工具投影片,,上課講義自製,,,課程類別通識,,,,注重出席率不會,,,,*通識課程領域A2,,,期考次數1,,,ID1E1AVKrG,*教師特色教學用心&學識豐富,,,,,*開課學期下學期,推薦指數5,,,,,,課程名稱中國古代歷史與人物,,,,覺得甜微甜,,,,,,覺得扎實(總和)扎實
報告次數2,開課年度99,,,,,,會不會點名會,覺得是否札實滿扎實的,授課教師梁庚堯,,報告平均字數3000,作者等第B+,,,,,,課程類別通識,,,,,,,,*通識課程領域A2,,,期考次數2,,,ID1E1BJims,*教師特色人很好,,,,,*開課學期下學期,推薦指數4,,,,,,課程名稱中國近世史,,,,,*期考題型申論&簡答,,,,,覺得扎實(總和)扎實
報告次數1,開課年度99,,,,,,,,授課教師李玲玲,,報告平均字數1500,,*上課工具投影片,,,,,課程類別通識,,,,,,,,*通識課程領域A8,,,期考次數2,,,ID1E1OU0RV,,,,作業次數1,,*開課學期下學期,推薦指數5,,,,,,課程名稱生物多樣性概論,,,,,*期考題型選擇&簡答,,,,,
,開課年度99,,,,,,會不會點名會,,授課教師范光龍,,,,*上課工具投影片,,,,,課程類別通識,,,課程有趣程度高,注重出席率會,,,,*通識課程領域A7,,,期考次數2,,,ID1E1RYlxF,*教師特色愛說故事,,,,,*開課學期下學期,推薦指數5,,,,,,課程名稱海洋環境概論,,,,,,,,,,
,開課年度99,,,,,,,覺得是否札實滿扎實的,授課教師陳弱水,,,,,,,,,課程類別通識,,口條清晰清晰,,,,,,*通識課程領域A2,,,,,,ID1E1a0zTo,,,,,,*開課學期下學期,推薦指數5&5,,,,,,課程名稱中國社會史概說,,,*課程要求指定閱讀,覺得甜微甜,*期考題型申論&簡答,,,,,覺得扎實(總和)扎實
,開課年度99,,,,,,,,授課教師王遠義,,,,*上課工具影片,,,,,課程類別通識,,,,,,,,,,期考總佔分比例(%)40,,報告總佔分比例(%)40,,ID1E1hEpkT,,,,,,*開課學期下學期,推薦指數2,,,,,,課程名稱思想與近代世界的形成二,,*上課氣氛讓人想睡,,,,,,,,
報告次數1,開課年度99,,,,,,,覺得是否札實滿扎實的,授課教師王遠義,,報告平均字數2000,作者等第A+,*上課工具投影片&影片,,上課講義教科書,,,課程類別通識,,,,注重出席率不會,,,,*通識課程領域A3,,期考總佔分比例(%)40,期考次數1,報告總佔分比例(%)40,,ID1E37tqGC,,,覺得這門課很花時間是,,,*開課學期下學期,推薦指數5,,,,出席率佔分比例(%)20,,課程名稱思想與近代世界的形成二,,,,覺得甜微甜,*期考題型申論&簡答,,,,,覺得扎實(總和)扎實
報告次數1,開課年度99,,,,,,,,授課教師多人授課,,,,,,,作業總佔分比例(%)20,,課程類別通識,,,,,,,,*通識課程領域A8,,,,報告總佔分比例(%)35,,ID1E3M_F0y,,,,作業次數2,,*開課學期下學期,,,,,出席率佔分比例(%)10,,課程名稱森林生物多樣性概論,,,,,,,,,,
報告次數2,開課年度99,,,,,,會不會點名不會,覺得是否札實滿扎實的,授課教師許雅惠,,,作者等第A,*上課工具投影片,,,,,課程類別通識,,,,注重出席率不會,,,,*通識課程領域A3,,期考總佔分比例(%)30,期考次數1,報告總佔分比例(%)50,,ID1E3vtBQK,,,覺得這門課很花時間是,作業次數2,,*開課學期下學期,推薦指數4,,,,,,課程名稱遺物、遺蹟與歷史,,,*課程要求討論區發文,,*期考題型申論&簡答,,,,,覺得扎實(總和)扎實
,開課年度99,,,,,,會不會點名不會,,授課教師古偉瀛,,,,*上課工具投影片&影片,,,,,課程類別通識,,,,,,,,,,,期考次數2,,,ID1E4pJWu4,,,,作業次數3,,*開課學期下學期,推薦指數2,,*作業類型交心得,,,,課程名稱歷史的轉捩點,,*上課氣氛輕鬆,,覺得甜不甜,,,,,,
報告次數1,開課年度99,,,,,,會不會點名會,,授課教師林鶴玲,,,,*上課工具投影片&影片,,,作業總佔分比例(%)30,,課程類別通識,調分幅度(=甜度)微調,,,注重出席率會,,,,*通識課程領域A5,,期考總佔分比例(%)35,期考次數1,報告總佔分比例(%)20,,ID1E4pmK9H,,,,作業次數2,,*開課學期下學期,推薦指數4&2.5,,,,,,課程名稱大眾媒體與社會,,*上課氣氛輕鬆,*課程要求指定閱讀,,*期考題型申論&簡答,,,,,
,開課年度99,,,,,,,,授課教師王遠義,,,作者等第A+,,觀念講解清楚,,,,課程類別通識,,,,注重出席率不會,,,,*通識課程領域A3,,期考總佔分比例(%)80,期考次數2,,,ID1E53o2Xa,,,,,,*開課學期下學期,推薦指數4,,,教室擁擠程度一般,,,課程名稱思想與近代世界的形成二,,,,,*期考題型申論,,,,,
報告次數1,開課年度99,,,,,,,,授課教師蔡宗珍,,,作者等第A+,,,上課講義教科書,,,課程類別通識,,,,,,,,*通識課程領域A5,,,,,,ID1E53_Ode,,,,,,*開課學期下學期,推薦指數4.5&4,,,,出席率佔分比例(%)18,,課程名稱人權與正義,,,,覺得甜很甜,,,,,,
報告次數1,開課年度99,,,,,,,覺得是否札實滿扎實的,授課教師李君山,,報告平均字數3000,,*上課工具板書,,,,,課程類別通識,,,,注重出席率不會,,,,*通識課程領域A2,,期考總佔分比例(%)40,期考次數1,報告總佔分比例(%)30,,ID1E54B1W5,,,,,,*開課學期下學期,推薦指數4,申論題占考試比例(%)100,,,,,課程名稱海峽兩岸關係史二,,*上課氣氛輕鬆,,,*期考題型申論,,,,,覺得扎實(總和)扎實
報告次數2,開課年度99,,,,,,會不會點名會,,授課教師秦曼儀,,報告平均字數6500,作者等第A+,*上課工具投影片,,上課講義教科書,,,課程類別通識,,,,,,,,*通識課程領域A2&A3,,,,,,ID1E54FFIY,*教師特色教學用心,,,,,*開課學期下學期,推薦指數4.5,,,,,,課程名稱法國社會文化史二,,,,,,,,,,
報告次數1,開課年度99,,,,,,會不會點名會,,授課教師方震華,,報告平均字數600,,,,,,,課程類別通識,,,,注重出席率不會,,,,,,期考總佔分比例(%)80,期考次數2,,,ID1E54y8pT,*教師特色講話催眠&教學用心&愛說故事&會講笑話,,,,,*開課學期下學期,推薦指數3.5,,,,,,課程名稱戰爭之外的軍事史,,,,,*期考題型申論,,,,,
,開課年度99,,,,,,會不會點名會,,授課教師洪永泰,,,,*上課工具投影片,,,,,課程類別通識,,,課程有趣程度高,,,,,*通識課程領域A5&A6,,,,,,ID1E56HZSs,,,,,,*開課學期下學期,推薦指數5,,,,,,課程名稱民意調查,,,,,,,,,,
報告次數1,開課年度99,,,,,,,,授課教師王遠義,,,,*上課工具投影片,,上課講義教科書,,,課程類別通識,,,,,,,,*通識課程領域A3,,期考總佔分比例(%)40,,報告總佔分比例(%)40,,ID1E57ZQd8,,,,,,*開課學期下學期,,,,,出席率佔分比例(%)20,,課程名稱思想與近代世界的形成二,,,,覺得甜微甜,,,,,,
,開課年度99,,,,,,,,授課教師劉碧珍,,,作者等第B+,*上課工具板書&投影片,,,,期考難度難,課程類別通識,,,,,,,,*通識課程領域A5,,期考總佔分比例(%)100,期考次數2,,覺得涼很涼,ID1E5J5fxL,,,,,,*開課學期下學期,推薦指數5&3&1,,,,,,課程名稱國際經濟學導論,,,,覺得甜不甜,*期考題型選擇&是非,,,,,
,開課年度98,,,,,,,,授課教師林致廷,,,,*上課工具投影片,觀念講解清楚,,作業總佔分比例(%)30,,課程類別選修,調分幅度(=甜度)微調,,,,,,課外內容偏多,,,期考總佔分比例(%)70,,,,ID1D9ADN44,,,,作業次數6,,*開課學期下學期,推薦指數5,,,,,作業難度普通(=不會很難),課程名稱半導體工程,,,,,,作業類型手寫,期考平均占分比例(%)35,,,
,開課年度98,課程所屬系所電資,作者背景科系電資,,,,,,授課教師許源裕,,,,*上課工具板書&投影片,,,,期考難度很難,課程類別選修,調分幅度(=甜度)微調,,,,,,,,,期考總佔分比例(%)100,期考次數2,,,ID1D9ADXcc,,,,,,*開課學期下學期,推薦指數4,,,,,,課程名稱電力工程導論,小考次數2,,,,,,期考平均占分比例(%)50,小考平均占分比例(%)10,,
,開課年度98,課程所屬系所電資,作者背景科系電資,,,會不會喇賽不會,,,授課教師謝宏昀,,,,,觀念講解清楚,上課講義自製,作業總佔分比例(%)15,,課程類別必修,,,,,,,,,,期考總佔分比例(%)80,,,,ID1D9ADm0f,,,,,,*開課學期下學期,推薦指數5,,,,,,課程名稱機率與統計,,,,,,,期考平均占分比例(%)40,,,
,開課年度98,課程所屬系所電資,作者背景科系電資,,,,,,授課教師林坤佑,,,,,觀念講解清楚,上課講義自製,作業總佔分比例(%)10,,,,,,,,,,,,期考總佔分比例(%)80,,,,ID1D9ADxht,,,,,,*開課學期下學期,推薦指數4,,,,,,課程名稱工程數學-複變,小考次數3,,,,,,期考平均占分比例(%)40,,,
,開課年度98,課程所屬系所電資,作者背景科系電資,,,,,,授課教師林怡成,,,,*上課工具板書&投影片,,上課講義教科書,作業總佔分比例(%)5,,課程類別必修,,,,,,,課外內容偶爾有,,,期考總佔分比例(%)90,,,,ID1D9AE7jG,,,,,,*開課學期下學期,推薦指數5,,,,,,課程名稱電磁學一,,,,,,,期考平均占分比例(%)45,,,
,,課程所屬系所電資,作者背景科系電資,,,,,,授課教師鍾孝文,,,,,,,作業總佔分比例(%)5,,,,,,,,,,,,期考總佔分比例(%)75,,,,ID1D9AEM-O,*教師特色講話催眠&逗趣&愛裝弱,,,,,,,,,,,,課程名稱電子學二,,,,,,,期考平均占分比例(%)37.5,小考平均占分比例(%)10,,
,開課年度99,課程所屬系所電資,作者背景科系電資,,,,,,授課教師吳安宇,,,,*上課工具投影片,,,,,,,口條清晰清晰,,,,,,,,,,,,ID1DCgg1Hd,,,,,,*開課學期上學期,,,,,,,課程名稱交換電路與邏輯設計,,,,,,,,,,
,開課年度99,課程所屬系所電資,作者背景科系電資,,,會不會喇賽會,,,授課教師許博文,,,,,觀念講解清楚,,,,,,,,,,,,,,期考總佔分比例(%)80,,,,ID1DCnu__D,,,,,,*開課學期上學期,推薦指數5,,,,,,課程名稱電磁學二,,,,,,,期考平均占分比例(%)40,,,
,開課年度99,課程所屬系所電資,作者背景科系電資,,,,,,授課教師劉志文,,,作者等第A+,*上課工具板書,,上課講義教科書,,,,,口條清晰含糊,,,,,,,,期考總佔分比例(%)70,期考次數2,,,ID1DEATgSg,,,,,,*開課學期上學期,推薦指數4,,,,,,課程名稱電力工程導論,,,,,,,期考平均占分比例(%)35,,,
,開課年度99,課程所屬系所電資,作者背景科系電資,,,,,,授課教師鍾孝文,,,,*上課工具板書,觀念講解清楚,,,,,,,,,,,,,,,,,,ID1DEL88HG,,講話速度偏快,,,,*開課學期上學期,推薦指數5,,,,,,課程名稱電子學三,,,,,,,,,,
,開課年度98,課程所屬系所電資,作者背景科系電資,,,,,,授課教師顏嗣鈞,,,,,,,,,,,,,,,,,,,,期考次數2,,,ID1DEmBFwp,,,,作業次數3,,*開課學期下學期,,,,,,,課程名稱資料結構與程式設計,,,,,,作業類型手寫,,,,
,開課年度98,課程所屬系所電資,作者背景科系電資,,,,,,授課教師林浩雄,,,,*上課工具投影片,觀念講解清楚,,,,課程類別必修,,,,,,,,,,,,,,ID1DEyiXl5,*教師特色講話催眠,,,,,*開課學期下學期,推薦指數5,,,,,,課程名稱電子學二,,,,,,,,,,
,,課程所屬系所電資,作者背景科系電資,,,會不會喇賽會,,,授課教師多人授課,,,,*上課工具投影片,,上課講義自製,,,,,,,,,,,,,期考總佔分比例(%)70,,報告總佔分比例(%)30,,ID1DGJ2xIw,,,,,,,,,,,,,課程名稱奈米電子導論,,,,,,,期考平均占分比例(%)35,,,
,開課年度99,課程所屬系所電資,作者背景科系電資,,,,,,授課教師蘇炫榮,,,,*上課工具投影片,,,作業總佔分比例(%)30,,,,,,,,,,,,期考總佔分比例(%)70,期考次數2,,,ID1DGRHkjk,,,,,,*開課學期上學期,推薦指數3.5,,*作業類型手寫&程式,,,作業難度普通(=不會很難),課程名稱數位通信系統,,,,,,,期考平均占分比例(%)35,,,
,開課年度99,課程所屬系所電資,作者背景科系電資,,,,,,授課教師于天立,,,,*上課工具板書&投影片,觀念講解清楚,,作業總佔分比例(%)25,,,調分幅度(=甜度)調很大,,,,,,,,,期考總佔分比例(%)50,,報告總佔分比例(%)25,,ID1DGRs4d_,,講話速度偏快,,作業次數4,,*開課學期上學期,,,,,,,課程名稱演算法,,,,,,,期考平均占分比例(%)25,,,
,開課年度99,課程所屬系所電資,作者背景科系電資,,,,,覺得是否札實滿扎實的,授課教師陳光禎,,,,,,上課講義自製,作業總佔分比例(%)20,,,,,,,,,,,,期考總佔分比例(%)80,期考次數2,,,ID1DGZhQDP,*教師特色愛說故事,,覺得這門課很花時間是,,,*開課學期上學期,推薦指數5&3.5,,*作業類型手寫,,,,課程名稱通信原理,,,,,,,期考平均占分比例(%)40,,,覺得扎實(總和)扎實
,,課程所屬系所電資,作者背景科系電資,,,,,,授課教師劉志文,,,,*上課工具板書,,上課講義教科書,作業總佔分比例(%)30,,,調分幅度(=甜度)調很大,口條清晰含糊,,,,,,,,期考總佔分比例(%)70,,,覺得涼很涼,ID1DHj7If5,,,,,,,推薦指數4,,*作業類型手寫,,,,課程名稱電力工程導論,小考次數2,*上課氣氛沉悶,,,,,期考平均占分比例(%)35,,,
,開課年度99,課程所屬系所電資,作者背景科系電資,,,,,,授課教師許博文,,,,,,,,,,調分幅度(=甜度)調很大,,,,,,,,,,,,,ID1DKGQ4EG,*教師特色人很好&愛說故事,,,,,*開課學期上學期,推薦指數4,,*作業類型手寫,,,,課程名稱電磁學二,,,,,,,,,,
,,課程所屬系所電資,作者背景科系電資,,,,,,授課教師呂良鴻,,,,*上課工具投影片,觀念講解清楚,,,,,,,,,,,,,,,,,,ID1DKGqK0Y,*教師特色教學用心&人很好,,,,,,推薦指數5,,,,,,課程名稱電子學三,,,,,,,,,,
,開課年度99,課程所屬系所電資,作者背景科系電資,,,,,,授課教師王凡,,,,*上課工具投影片,,,作業總佔分比例(%)10,,,,,,,,,,,,期考總佔分比例(%)60,期考次數2,報告總佔分比例(%)30,,ID1DKGsdZC,*教師特色講話催眠&愛說故事,,,,,*開課學期上學期,推薦指數4,,*作業類型手寫,,,,課程名稱作業系統,,,,,,,期考平均占分比例(%)30,,,
,開課年度99,課程所屬系所電資,作者背景科系電資,,,,,,授課教師吳育任,,,,*上課工具板書&投影片,,,作業總佔分比例(%)30,,,,,,,,,,,,期考總佔分比例(%)70,期考次數2,,,ID1DKMSJXK,,,,,,*開課學期上學期,推薦指數5&3,,*作業類型手寫,,,,課程名稱光電導論,,,,,,,期考平均占分比例(%)35,,,
,開課年度99,課程所屬系所電資,作者背景科系電資,,,,,,授課教師江簡富,,,,*上課工具板書,觀念講解清楚,,,,,,,,,,,,,,,,,,ID1DKU5ik8,,,,,,*開課學期上學期,推薦指數5,,*作業類型手寫,,,,課程名稱電磁學二,,,,,,,,,,
,,課程所屬系所電資,作者背景科系電資,,,,,,授課教師張耀文,,,,,,,,,,,,,,,,,,,期考總佔分比例(%)50,期考次數2,,,ID1DL0s8L8,*教師特色人很好&會認學生&上課複習,,,作業次數6,,,,,*作業類型手寫&程式,,,,課程名稱演算法,小考次數6,,,,,,期考平均占分比例(%)25,,,
報告次數1,開課年度99,課程所屬系所電資,作者背景科系電資,,,,,,授課教師李建模,,,,,,,,,,,,,,,,,,,,期考次數1,,,ID1DLVCzT8,,,,作業次數7,,*開課學期上學期,,,*作業類型手寫&程式,,,,課程名稱積體電路測試,,,,,,,,,,
報告次數1,,課程所屬系所電資,作者背景科系電資,,,,,,授課教師李琳山,,,,,,,,,,,,,,,,,,,,期考次數2,,,ID1DLVXwnW,,,,,,,,,,,,,課程名稱數位語音處理概論,,,,,,,,,,
,開課年度97,課程所屬系所電資,作者背景科系電資,,,,,,授課教師鄭振牟,,,,*上課工具板書,,,,,,,,,,,,,,,,,,,ID1DMA9Saj,*教師特色人很好,,,,,*開課學期下學期,推薦指數5&3,,,,,,課程名稱線性代數,,,,,,,,,,
,,課程所屬系所電資,作者背景科系電資,,,,,,授課教師管傑雄,,,,,觀念講解清楚,,,,,,,,,,,,,,,,,,ID1DOWtn9L,*教師特色教學用心&人很好,,,,,,,,,,,,課程名稱微分方程,,,,,,,,,,
報告次數1,,課程所屬系所電資,作者背景科系電資,,,,,,授課教師陳宏銘,,,,,,,,,,,,,,,,,,,,,,,ID1DQ7ZUKH,*教師特色教學用心&人很好&會認學生,,,,,,,,,,,作業難度簡單,課程名稱多媒體訊號處理導論,,,,,,,,,,
報告次數1,開課年度99,課程所屬系所電資,作者背景科系電資,,,,,,授課教師黃鐘揚,,,,*上課工具投影片,,上課講義自製,,,,,,,,,,,,,,,,,ID1DQ9bZl1,,,,作業次數5,,*開課學期上學期,,,*作業類型程式,,,,課程名稱資料結構與程式設計,,,,,,,,,,
,開課年度99,課程所屬系所電資,作者背景科系電資,,,,,,授課教師王倫,,,,*上課工具板書&投影片,,,,,,調分幅度(=甜度)調很大,,,,,,,,,,,,,ID1E4Ixndf,,,,,,*開課學期下學期,推薦指數3,,,,,,課程名稱光電導論,,,,,,,,,,
報告次數1,,課程所屬系所電資,作者背景科系電資,,,,,,授課教師魏宏宇,,,,,,,作業總佔分比例(%)25,,,調分幅度(=甜度)微調,,,,,,,,,期考總佔分比例(%)35,期考次數2,報告總佔分比例(%)30,,ID1E5T6nrj,,,,作業次數4,,,,,,,,作業難度普通(=不會很難),課程名稱無線行動網路導論,,,,,,,,,,
,開課年度99,課程所屬系所電資,作者背景科系電資,,,,,,授課教師陳耀銘,,,,,,,作業總佔分比例(%)25,,,,,,,,,,,,期考總佔分比例(%)50,,報告總佔分比例(%)15,,ID1E5cwpsR,*教師特色教學用心&人很好,,,作業次數5,,*開課學期下學期,,,*作業類型程式,,出席率佔分比例(%)10,作業難度普通(=不會很難),課程名稱電力電子概論,,,,,,,期考平均占分比例(%)25,,,
,開課年度99,課程所屬系所電資,作者背景科系電資,,,,,覺得是否札實滿扎實的,授課教師于天立,,,,,,,作業總佔分比例(%)30,,,調分幅度(=甜度)微調,,,,,,課外內容偏多,,,期考總佔分比例(%)70,,,,ID1E674YfT,*教師特色教學用心,,,作業次數6,會不會考課外內容會,*開課學期下學期,推薦指數5,,*作業類型手寫&程式,,,,課程名稱計算機概論,,,,,,,,,,覺得扎實(總和)扎實
,開課年度99,課程所屬系所電資,作者背景科系電資,,,,會不會點名不會,,授課教師馮世邁,,,,*上課工具板書,,,,,,,,,,,,,,,期考總佔分比例(%)70,,,,ID1E6Jv-F6,,,,,,*開課學期下學期,推薦指數5&4,,,,,,課程名稱線性代數,小考次數2,,,,,,,,,
,,課程所屬系所電資,作者背景科系電資,,,,,,授課教師多人授課,,,,,,,,,,,,,注重出席率不會,,,,,,,,報告總佔分比例(%)30,,ID1EAmixPv,,,,,,,,,,,,,課程名稱奈米電子導論,,,,,,,,,,
,開課年度99,課程所屬系所電資,作者背景科系電資,,,,,,授課教師江衍偉,,,,*上課工具投影片,,,作業總佔分比例(%)10,,,,,,,,,,,,期考總佔分比例(%)90,,,,ID1EBG1q_E,,,,,,*開課學期下學期,,,,,,,課程名稱電磁學一,,,,,,,,,,
,開課年度98,課程所屬系所電資,作者背景科系電資,,,,,覺得是否札實非常扎實,授課教師馮世邁,,,,*上課工具板書,觀念講解清楚,,作業總佔分比例(%)30,,,,,,注重出席率不會,,,,,,期考總佔分比例(%)70,期考次數2,,,ID1EBI7Biw,*教師特色人很好&有特殊口音,,,,,*開課學期下學期,推薦指數5&4,,,,,,課程名稱線性代數,小考次數2,,,,,,,,,覺得扎實(總和)扎實
,開課年度99,課程所屬系所電資,作者背景科系電資,,,會不會喇賽會,,,授課教師林坤佑,,,,*上課工具投影片,,,作業總佔分比例(%)10,,,,,,,,,,,,期考總佔分比例(%)80,期考次數2,報告總佔分比例(%)10,,ID1EBIR92o,,,,,,*開課學期下學期,推薦指數5,,,,,,課程名稱複變,,,,,,,,,,
,開課年度99,課程所屬系所電資,作者背景科系電資,,,,,,授課教師謝宏昀,,,,,,,作業總佔分比例(%)15,,,,,,注重出席率不會,,,,,,期考總佔分比例(%)80,,,,ID1EBIgCKK,,,,,,*開課學期下學期,推薦指數5,,,,出席率佔分比例(%)5,,課程名稱機率與統計,,,,,,,,,,
,開課年度99,課程所屬系所電資,作者背景科系電資,,,,,,授課教師鍾孝文,,,,,,,作業總佔分比例(%)5,,,,,,注重出席率不會,,,,,,期考總佔分比例(%)75,,,,ID1EBtW8B2,,,,,,*開課學期下學期,推薦指數5,,*作業類型手寫,,,,課程名稱電子學二,小考次數2,,,,,,,,,
,開課年度99,課程所屬系所電資,作者背景科系電資,,,,,覺得是否札實非常扎實,授課教師呂良鴻,,,,*上課工具板書&投影片,觀念講解清楚,,,,,調分幅度(=甜度)微調,,,,,,,,,,期考次數2,,,ID1EC4CnVn,*教師特色教學用心&人很好,,,作業次數2,,,推薦指數5,,,,,,課程名稱電子學一二,小考次數2,,,,,,,,,覺得扎實(總和)扎實
,開課年度99,課程所屬系所電資,作者背景科系電資,,,,,,授課教師葉丙成,,,,,觀念講解清楚,,作業總佔分比例(%)15,,,,,,,,,,,,期考總佔分比例(%)80,期考次數2,,,ID1ECZJClX,*教師特色教學用心&人很好&嘴砲,,,,,*開課學期下學期,推薦指數5,,,,出席率佔分比例(%)5,作業難度普通(=不會很難),課程名稱機率與統計,,*上課氣氛熱絡,,,,,,,,
,開課年度99,課程所屬系所電資,作者背景科系電資,,,,,,授課教師陳士元,,,,*上課工具板書&投影片,,上課講義自製,,,,,,,,,,,,,期考總佔分比例(%)80,期考次數2,,,ID1ECczgAd,*教師特色人很好&上課複習,講話速度偏快,,,,*開課學期下學期,推薦指數5&0,,,,,,課程名稱複變,小考次數2,,,,,,,,,
,,課程所屬系所電資,作者背景科系電資,,,,,,授課教師陳耀銘,,,,,,,,,,,,,,,,,,,,,,,ID1ECeCWeH,,,,,,,推薦指數5&4&3&3,,,,,,課程名稱電機機械實驗,,,,,,,,,,
報告次數1,開課年度101,課程所屬系所電資,作者背景科系電資,修課人數100,,會不會喇賽會,會不會點名不會,,授課教師黃建彰,幾節課3,,作者等第A+,*上課工具投影片,觀念講解清楚,,,期考難度簡單,課程類別選修,調分幅度(=甜度)調很大,口條清晰清晰,課程有趣程度中,注重出席率不會,上課時間下午,上課地點博理,課外內容偏多,,可否打瞌睡可以,,期考次數2,,覺得涼微涼,ID2ECeCWeH,,,覺得這門課很花時間否,作業次數2,會不會考課外內容不會,,推薦指數4,,,教室擁擠程度一般,,作業難度普通(=不會很難),課程名稱平面顯示技術通論,,,,,,作業類型手寫,,,開課學期下學期,
,開課年度102,課程所屬系所電資,作者背景科系電資,修課人數65,,會不會喇賽不會,會不會點名會,覺得是否札實滿扎實的,授課教師蘇柏青,幾節課3,,作者等第N/A,*上課工具影片,觀念講解清楚,,,期考難度難,課程類別必修,調分幅度(=甜度)微調,口條清晰清晰,課程有趣程度中,注重出席率會,上課時間上午,上課地點電二,課外內容偶爾有,,可否打瞌睡可以,,期考次數2,,,ID3ECeCWeH,,講話速度偏快,覺得這門課很花時間是,,會不會考課外內容不會,,推薦指數4,申論題占考試比例(%)100,,教室擁擠程度擁擠,,,課程名稱線性代數,小考次數2,,,,,,期考平均占分比例(%)35,小考平均占分比例(%)20,開課學期下學期,覺得扎實(總和)扎實
,開課年度103,課程所屬系所電資,作者背景科系電資,修課人數150,,會不會喇賽會,會不會點名不會,覺得是否札實非常扎實,授課教師陳和麟,幾節課3,,,*上課工具板書,觀念講解清楚,,,期考難度很難,課程類別選修,,口條清晰清晰,課程有趣程度高,注重出席率不會,上課時間上午,上課地點明達,課外內容偶爾有,,可否打瞌睡可以,,期考次數2,,,ID4ECeCWeH,,講話速度偏快,覺得這門課很花時間是,作業次數4,會不會考課外內容不會,,推薦指數5,,,教室擁擠程度擁擠,,作業難度很難,課程名稱演算法,,,,,,作業類型手寫,期考平均占分比例(%)30,,開課學期上學期,覺得扎實(總和)扎實
,開課年度102,課程所屬系所電資,作者背景科系電資,修課人數40,,會不會喇賽不會,會不會點名不會,,授課教師陳怡然,幾節課3,,作者等第N/A,*上課工具投影片,觀念講解不清楚,,,期考難度難,課程類別選修,,口條清晰普通,課程有趣程度中,注重出席率不會,上課時間上午,上課地點電二,課外內容沒有,,可否打瞌睡可以,,期考次數1,,,ID5ECeCWeH,,講話速度偏快,覺得這門課很花時間是,,,,推薦指數3,,,教室擁擠程度鬆散,,,課程名稱射頻積體電路設計,,,,,,,期考平均占分比例(%)50,,開課學期下學期,
,開課年度102,課程所屬系所電資,作者背景科系電資,修課人數130,選擇題占考試比例(%)100,會不會喇賽會,會不會點名不會,覺得是否札實滿扎實的,授課教師林則彬,幾節課3,,,*上課工具投影片,觀念講解清楚,,,期考難度普通(=不會很難),課程類別選修,調分幅度(=甜度)微調,口條清晰清晰,課程有趣程度高,注重出席率不會,上課時間上午,上課地點電二,課外內容偶爾有,,可否打瞌睡可以,,期考次數2,,,ID6ECeCWeH,,講話速度偏快,覺得這門課很花時間否,,會不會考課外內容不會,,推薦指數5,,,教室擁擠程度一般,,,課程名稱生理學,,,,,,,,,開課學期上學期,覺得扎實(總和)扎實
,開課年度102,課程所屬系所電資,作者背景科系電資,修課人數70,,會不會喇賽會,會不會點名不會,覺得是否札實滿扎實的,授課教師王奕翔,幾節課3,,,*上課工具投影片,觀念講解清楚,,,期考難度難,課程類別必修,,口條清晰清晰,課程有趣程度高,注重出席率不會,上課時間上午,上課地點電二,課外內容偶爾有,,可否打瞌睡可以,,期考次數2,,,ID7ECeCWeH,,講話速度偏快,覺得這門課很花時間是,作業次數4,會不會考課外內容不會,,推薦指數5,,,教室擁擠程度鬆散,,作業難度難,課程名稱微分方程,,,,,,作業類型手寫,期考平均占分比例(%)42.5,,開課學期上學期,覺得扎實(總和)扎實
報告次數1,開課年度102,課程所屬系所電資,作者背景科系電資,修課人數45,,會不會喇賽會,會不會點名不會,覺得是否札實滿扎實的,授課教師于天立,幾節課3,,,*上課工具投影片,觀念講解清楚,,,期考難度難,課程類別選修,,口條清晰清晰,課程有趣程度高,注重出席率不會,上課時間下午,上課地點明達,課外內容偶爾有,,可否打瞌睡可以,,期考次數2,,,ID8ECeCWeH,,講話速度偏快,覺得這門課很花時間是,作業次數3,會不會考課外內容不會,,推薦指數5,,,教室擁擠程度鬆散,,作業難度難,課程名稱人工智慧,,,,,,作業類型程式,期考平均占分比例(%)25,,開課學期上學期,覺得扎實(總和)扎實
,開課年度102,課程所屬系所電資,作者背景科系電資,修課人數80,,會不會喇賽會,會不會點名不會,覺得是否札實非常扎實,授課教師盧奕璋,幾節課3,,,*上課工具投影片,觀念講解清楚,,,期考難度很難,課程類別選修,調分幅度(=甜度)微調,口條清晰清晰,課程有趣程度高,注重出席率不會,上課時間上午,上課地點電二,課外內容偶爾有,,可否打瞌睡可以,,期考次數1,,,ID9ECeCWeH,,講話速度偏快,覺得這門課很花時間是,作業次數6,會不會考課外內容不會,,推薦指數5,,,教室擁擠程度一般,,作業難度難,課程名稱電腦輔助積體電路系統設計,,,,,,作業類型程式,期考平均占分比例(%)25,,開課學期上學期,覺得扎實(總和)扎實
,開課年度101,課程所屬系所電資,作者背景科系電資,修課人數80,,會不會喇賽會,會不會點名不會,覺得是否札實滿扎實的,授課教師盧奕璋,幾節課3,,,*上課工具投影片,觀念講解清楚,,,期考難度普通(=不會很難),課程類別選修,,口條清晰清晰,課程有趣程度高,注重出席率不會,上課時間下午,上課地點電二,課外內容偶爾有,,可否打瞌睡可以,,期考次數2,,,ID10ECeCWeH,,講話速度偏快,覺得這門課很花時間是,作業次數6,會不會考課外內容不會,,推薦指數5,,,教室擁擠程度鬆散,,作業難度普通(=不會很難),課程名稱積體電路設計,,,,,,作業類型程式,期考平均占分比例(%)30,,開課學期下學期,覺得扎實(總和)扎實
報告次數1,開課年度102,課程所屬系所電資,作者背景科系電資,修課人數130,,會不會喇賽會,會不會點名不會,覺得是否札實非常扎實,授課教師李琳山,幾節課3,,,*上課工具投影片,觀念講解清楚,,,期考難度簡單,課程類別選修,,口條清晰清晰,課程有趣程度高,注重出席率不會,上課時間上午,上課地點電二,課外內容偶爾有,,可否打瞌睡可以,,期考次數2,,,ID11ECeCWeH,,講話速度很快,覺得這門課很花時間是,作業次數3,會不會考課外內容不會,,推薦指數5,,,教室擁擠程度一般,,作業難度難,課程名稱數位語音處理概論,,,,,,作業類型程式,期考平均占分比例(%)17.5,,開課學期上學期,覺得扎實(總和)扎實
,開課年度102,課程所屬系所電資,作者背景科系電資,修課人數70,,會不會喇賽會,會不會點名不會,覺得是否札實滿扎實的,授課教師闕志達,幾節課3,,,*上課工具投影片,觀念講解清楚,,,期考難度普通(=不會很難),課程類別選修,,口條清晰清晰,課程有趣程度中,注重出席率不會,上課時間下午,上課地點博理,課外內容偶爾有,,可否打瞌睡可以,,期考次數2,,,ID12ECeCWeH,,講話速度很快,覺得這門課很花時間是,作業次數4,會不會考課外內容不會,,推薦指數5,,,教室擁擠程度鬆散,,作業難度難,課程名稱積體電路設計,,,,,,作業類型程式,期考平均占分比例(%)30,,開課學期上學期,覺得扎實(總和)扎實
,開課年度102,課程所屬系所電資,作者背景科系電資,修課人數70,,會不會喇賽會,會不會點名不會,,授課教師李建模,幾節課3,,,*上課工具投影片,觀念講解清楚,,,期考難度普通(=不會很難),課程類別必修,,口條清晰清晰,課程有趣程度中,注重出席率不會,上課時間下午,上課地點電二,課外內容偶爾有,,可否打瞌睡可以,,期考次數2,,覺得涼微涼,ID13ECeCWeH,,講話速度偏快,覺得這門課很花時間否,作業次數8,會不會考課外內容不會,,推薦指數5,,,教室擁擠程度擁擠,,作業難度簡單,課程名稱交換電路與邏輯設計,小考次數2,,,,,作業類型手寫,期考平均占分比例(%)35,小考平均占分比例(%)5,開課學期上學期,
,開課年度102,課程所屬系所電資,作者背景科系電資,修課人數80,,會不會喇賽會,會不會點名不會,覺得是否札實滿扎實的,授課教師胡振國,幾節課3,,,*上課工具投影片,觀念講解清楚,,,期考難度難,課程類別選修,調分幅度(=甜度)微調,口條清晰清晰,課程有趣程度高,注重出席率不會,上課時間上午,上課地點電二,課外內容沒有,,可否打瞌睡可以,,期考次數2,,,ID14ECeCWeH,,講話速度偏快,覺得這門課很花時間是,作業次數4,會不會考課外內容不會,,推薦指數4,,,教室擁擠程度鬆散,,作業難度普通(=不會很難),課程名稱固態電子學,,,,,,作業類型手寫,期考平均占分比例(%)35,,開課學期上學期,覺得扎實(總和)扎實
,開課年度101,課程所屬系所電資,作者背景科系電資,修課人數80,,會不會喇賽不會,會不會點名會,,授課教師陳少傑,幾節課3,,,*上課工具投影片,觀念講解不清楚,,,期考難度難,課程類別選修,調分幅度(=甜度)調很大,口條清晰含糊,課程有趣程度低,注重出席率會,上課時間上午,上課地點電二,課外內容沒有,,可否打瞌睡不可以,,期考次數2,,覺得涼微涼,ID15ECeCWeH,,講話速度很慢,覺得這門課很花時間是,作業次數6,會不會考課外內容不會,,推薦指數2,,,教室擁擠程度鬆散,,作業難度難,課程名稱計算機結構,,,,,,作業類型手寫,期考平均占分比例(%)35,,開課學期上學期,
,開課年度101,課程所屬系所電資,作者背景科系電資,修課人數80,,會不會喇賽會,會不會點名不會,,授課教師鍾孝文,幾節課3,,,*上課工具板書,觀念講解清楚,,,期考難度普通(=不會很難),課程類別必修,調分幅度(=甜度)沒調,口條清晰清晰,課程有趣程度中,注重出席率不會,上課時間下午,上課地點電二,課外內容偶爾有,,可否打瞌睡可以,,期考次數2,,覺得涼微涼,ID16ECeCWeH,,講話速度偏慢,覺得這門課很花時間否,作業次數14,會不會考課外內容不會,,推薦指數5,,,教室擁擠程度鬆散,,作業難度很簡單,課程名稱電子學三,小考次數2,,,,,作業類型手寫,期考平均占分比例(%)35,,開課學期上學期,
報告次數1,開課年度101,課程所屬系所電資,作者背景科系電資,修課人數40,,會不會喇賽會,會不會點名不會,覺得是否札實非常扎實,授課教師于天立,幾節課3,,,*上課工具投影片,觀念講解清楚,,,期考難度難,課程類別選修,調分幅度(=甜度)微調,口條清晰清晰,課程有趣程度高,注重出席率不會,上課時間下午,上課地點明達,課外內容偶爾有,,可否打瞌睡可以,,期考次數2,,,ID17ECeCWeH,,講話速度偏快,覺得這門課很花時間是,作業次數3,會不會考課外內容會,,推薦指數5,,,教室擁擠程度鬆散,,作業難度普通(=不會很難),課程名稱人工智慧,,,,,,作業類型程式,期考平均占分比例(%)25,,開課學期上學期,覺得扎實(總和)扎實
,開課年度101,課程所屬系所電資,作者背景科系電資,修課人數80,,會不會喇賽不會,會不會點名不會,覺得是否札實滿扎實的,授課教師瞿大雄,幾節課3,,,*上課工具投影片,觀念講解清楚,,,期考難度普通(=不會很難),課程類別選修,調分幅度(=甜度)微調,口條清晰清晰,課程有趣程度高,注重出席率不會,上課時間上午,上課地點電二,課外內容沒有,,可否打瞌睡可以,,期考次數2,,,ID18ECeCWeH,,講話速度偏慢,覺得這門課很花時間是,,,,推薦指數5,,,教室擁擠程度鬆散,,,課程名稱微波電路,小考次數14,,,,,,期考平均占分比例(%)40,小考平均占分比例(%)1.5,開課學期上學期,覺得扎實(總和)扎實
,開課年度101,課程所屬系所電資,作者背景科系電資,修課人數80,,會不會喇賽會,會不會點名不會,覺得是否札實滿扎實的,授課教師張耀文,幾節課3,,,*上課工具投影片,觀念講解清楚,,,期考難度普通(=不會很難),課程類別選修,調分幅度(=甜度)微調,口條清晰清晰,課程有趣程度高,注重出席率不會,上課時間下午,上課地點博理,課外內容偏多,,可否打瞌睡可以,,期考次數2,,,ID19ECeCWeH,,講話速度偏慢,覺得這門課很花時間是,作業次數7,會不會考課外內容不會,,推薦指數5,,,教室擁擠程度擁擠,,作業難度難,課程名稱演算法,小考次數4,,,,,作業類型手寫,期考平均占分比例(%)25,小考平均占分比例(%)5,開課學期上學期,覺得扎實(總和)扎實
,開課年度101,課程所屬系所電資,作者背景科系電資,修課人數100,,會不會喇賽不會,會不會點名會,,授課教師陳永耀,幾節課3,,,*上課工具投影片,觀念講解不清楚,,,期考難度簡單,課程類別選修,調分幅度(=甜度)調很大,口條清晰含糊,課程有趣程度低,注重出席率不會,上課時間下午,上課地點明達,課外內容偏多,,可否打瞌睡可以,,期考次數2,,覺得涼微涼,ID20ECeCWeH,,講話速度偏慢,覺得這門課很花時間否,作業次數3,會不會考課外內容不會,,推薦指數3,,,教室擁擠程度鬆散,,作業難度普通(=不會很難),課程名稱控制系統,,,,,,作業類型手寫,期考平均占分比例(%)40,,開課學期上學期,
,開課年度101,課程所屬系所電資,作者背景科系電資,修課人數80,,會不會喇賽會,會不會點名不會,覺得是否札實滿扎實的,授課教師江簡富,幾節課3,,,*上課工具板書,觀念講解清楚,,,期考難度難,課程類別選修,調分幅度(=甜度)微調,口條清晰清晰,課程有趣程度中,注重出席率不會,上課時間上午,上課地點電二,課外內容沒有,,可否打瞌睡可以,,期考次數2,,,ID21ECeCWeH,,講話速度偏快,覺得這門課很花時間是,作業次數10,會不會考課外內容不會,,推薦指數5,,,教室擁擠程度擁擠,,作業難度簡單,課程名稱電磁學二,小考次數2,,,,,作業類型手寫,期考平均占分比例(%)40,,開課學期上學期,覺得扎實(總和)扎實
,開課年度101,課程所屬系所電資,作者背景科系電資,修課人數80,選擇題占考試比例(%)100,會不會喇賽會,會不會點名不會,,授課教師林則彬,幾節課3,,,*上課工具投影片,觀念講解清楚,,,期考難度普通(=不會很難),課程類別選修,調分幅度(=甜度)沒調,口條清晰清晰,課程有趣程度高,注重出席率不會,上課時間上午,上課地點電二,課外內容很多,,可否打瞌睡可以,,期考次數2,,覺得涼微涼,ID22ECeCWeH,,講話速度偏快,覺得這門課很花時間否,,會不會考課外內容不會,,推薦指數5,,,教室擁擠程度擁擠,,,課程名稱生理學,,,,,,,期考平均占分比例(%)50,,開課學期上學期,
,開課年度100,課程所屬系所電資,作者背景科系電資,修課人數60,,會不會喇賽不會,會不會點名不會,覺得是否札實滿扎實的,授課教師陳士元,幾節課2,,,*上課工具投影片,觀念講解清楚,,,期考難度普通(=不會很難),課程類別必修,調分幅度(=甜度)沒調,口條清晰清晰,課程有趣程度中,注重出席率不會,上課時間上午,上課地點電二,課外內容偶爾有,,可否打瞌睡可以,,期考次數2,,,ID23ECeCWeH,,講話速度偏慢,覺得這門課很花時間是,,會不會考課外內容會,,推薦指數5,,,教室擁擠程度擁擠,,,課程名稱複變,小考次數2,,,,,,期考平均占分比例(%)40,,開課學期下學期,覺得扎實(總和)扎實
報告次數1,開課年度98,,,,,,會不會點名會,覺得是否札實滿扎實的,授課教師吳寬墩,,,,*上課工具投影片,,,,,課程類別通識,,,,注重出席率會,,上課地點基醫,,*通識課程領域A1,,,期考次數1,,,ID24ECeCWeH,,,,作業次數1,,*開課學期上學期,,,*作業類型報告,,,,課程名稱藝術概論上,,*上課氣氛歡樂,,,,,,,,覺得扎實(總和)扎實
,開課年度98,,,,,,,,授課教師蔡振家,,,,*上課工具投影片,,,,,課程類別通識,調分幅度(=甜度)微調,,課程有趣程度中,注重出席率會,,,,*通識課程領域A1&A8,,期考總佔分比例(%)20,,報告總佔分比例(%)30,,ID25ECeCWeH,*教師特色人很好,,,,,*開課學期上學期,推薦指數4,,,,出席率佔分比例(%)10,,課程名稱音樂、演化與大腦,,,*課程要求課後心得,覺得甜微甜,,,,,,
,開課年度98,,,,,,,,授課教師蔡振家,,,,*上課工具投影片,,,,,課程類別通識,調分幅度(=甜度)調很大,,課程有趣程度高,注重出席率會,,,,*通識課程領域A1&A8,,,,,,ID26ECeCWeH,*教師特色教學用心&人很好,,,,,*開課學期上學期,推薦指數5,,,,,,課程名稱音樂、演化與大腦,,,*課程要求課後心得,覺得甜很甜,,,,,,
報告次數2,開課年度98,,,,,,,,授課教師蔡振家,,報告平均字數3000,,*上課工具投影片,,,,期考難度普通(=不會很難),課程類別通識,調分幅度(=甜度)調很大,,課程有趣程度高,,,,,*通識課程領域A1,,,期考次數1,,,ID27ECeCWeH,*教師特色教學用心&人很好,,,作業次數2,,*開課學期上學期,推薦指數5,,*作業類型報告,,,,課程名稱戲曲欣賞,,,,覺得甜很甜,,,,,,
報告次數2,開課年度98,,,,,,,覺得是否札實滿扎實的,授課教師陳峙維,,報告平均字數4000,,*上課工具投影片,,,,,課程類別通識,調分幅度(=甜度)調很大,,,,,,,*通識課程領域A1,,,,報告總佔分比例(%)60,,ID28ECeCWeH,*教師特色人很好,,,,,*開課學期上學期,推薦指數4.5,,,,,,課程名稱全球音樂文化,小考次數4,*上課氣氛歡樂,*課程要求課後心得,覺得甜很甜,,,,,,覺得扎實(總和)扎實
報告次數1,開課年度98,,作者背景科系理學院,,,,,覺得是否札實滿扎實的,授課教師歐素瑛,,報告平均字數3000,,*上課工具投影片,,上課講義自製,作業總佔分比例(%)10,期考難度普通(=不會很難),課程類別通識,,口條清晰普通,課程有趣程度中,,,,,*通識課程領域A2,可否打瞌睡可以,期考總佔分比例(%)30,期考次數1,報告總佔分比例(%)40,,ID29ECeCWeH,*教師特色講話催眠&教學用心&人很好,,,作業次數1,,*開課學期上學期,推薦指數4,,*作業類型交心得,,,作業難度普通(=不會很難),課程名稱台灣當代史,,,,,,,,,,覺得扎實(總和)扎實
報告次數1,開課年度98,,,,,,會不會點名會,,授課教師歐素瑛,,報告平均字數3000,,*上課工具投影片,,,,期考難度普通(=不會很難),課程類別通識,,,課程有趣程度高,,,,,*通識課程領域A2&A3,,期考總佔分比例(%)30,期考次數1,報告總佔分比例(%)30,,ID30ECeCWeH,*教師特色教學用心&人很好,,,,,*開課學期上學期,推薦指數5,,,,出席率佔分比例(%)30,,課程名稱台灣歷史與人物,,,*課程要求課後心得,覺得甜微甜,,,,,,
,開課年度98,,,,,,會不會點名不會,覺得是否札實非常扎實,授課教師徐秉愉,,,,,觀念講解清楚,,,,課程類別通識,,,,注重出席率不會,,,,*通識課程領域A2&A3,,期考總佔分比例(%)100,期考次數2,,,ID31ECeCWeH,*教師特色教學用心&愛說故事,講話速度偏慢,覺得這門課很花時間是,,,*開課學期上學期,推薦指數5,,,,,,課程名稱十四世紀前的北亞與中國,,,,,,,,,,覺得扎實(總和)扎實
報告次數1,開課年度98,,,,,,會不會點名不會,覺得是否札實非常扎實,授課教師方震華,,報告平均字數3000,,*上課工具投影片,,,,期考難度普通(=不會很難),課程類別通識,,,,,,,,*通識課程領域A2,,,期考次數2,報告總佔分比例(%)100,,ID32ECeCWeH,,,,,,*開課學期上學期,推薦指數4,,,,,,課程名稱戰爭外的軍事史,,,,,,,,,,覺得扎實(總和)扎實
,開課年度98,,,,,,會不會點名會,,授課教師周婉窈,,,,,,,,,課程類別通識,,,,注重出席率會,,,,*通識課程領域A3,可否打瞌睡不可以,期考總佔分比例(%)85,,,,ID33ECeCWeH,*教師特色教學用心&逗趣,,,,,*開課學期上學期,推薦指數5,,,,,,課程名稱近代台灣的歷程,,*上課氣氛熱絡,,覺得甜微甜,,,,,,
,開課年度98,,,,,,會不會點名會,,授課教師劉麗飛,,,,*上課工具投影片,,上課講義自製,,,課程類別通識,,,,注重出席率會,,,,*通識課程領域A3&A8,,,,,,ID34ECeCWeH,*教師特色人很好,,,,,*開課學期上學期,推薦指數5,,,教室擁擠程度擁擠,,,課程名稱飲食與文化,,,*課程要求課後心得,覺得甜微甜,,,,,,
報告次數2,開課年度98,,,,,,,,授課教師楊信男,,報告平均字數2000,,*上課工具投影片&影片,,上課講義自製,,期考難度普通(=不會很難),課程類別通識,,口條清晰含糊,,,,,,*通識課程領域A3&A7,,,期考次數1,,,ID35ECeCWeH,,講話速度偏慢,,,,*開課學期上學期,推薦指數3,,,,,,課程名稱物理史一,,,,,,,,,,
報告次數2,開課年度98,,,,,,,,授課教師楊信男,,報告平均字數2000,作者等第A-,*上課工具投影片,觀念講解不清楚,上課講義自製,,期考難度難,課程類別通識,,口條清晰含糊,,,,,,*通識課程領域A3&A7,,期考總佔分比例(%)40,期考次數1,報告總佔分比例(%)60,,ID36ECeCWeH,,講話速度偏慢,,,,*開課學期上學期,推薦指數3,,,,,,課程名稱物理史一,,,,覺得甜不甜,,,,,,
報告次數2,開課年度98,,作者背景科系理學院,,,,會不會點名會,,授課教師劉巧楣,,,,*上課工具投影片,,,,,課程類別通識,,,,注重出席率會,,,,*通識課程領域A3,,,,報告總佔分比例(%)60,,ID37ECeCWeH,,,,,,*開課學期上學期,推薦指數4.5,,,,出席率佔分比例(%)40,,課程名稱現代歐洲文化,,,,,,,,,,
報告次數1,開課年度98,,,,,,會不會點名會,,授課教師藍弘岳,,報告平均字數2000,,,,,作業總佔分比例(%)10,,課程類別通識,,,課程有趣程度高,,,,,*通識課程領域A3,,期考總佔分比例(%)50,,,,ID38ECeCWeH,*教師特色教學用心&人很好&逗趣,,,作業次數2,,*開課學期上學期,推薦指數5,,*作業類型報告,,出席率佔分比例(%)40,作業難度普通(=不會很難),課程名稱日本文化史,,,*課程要求課前預習,,,,,,,
報告次數1,開課年度98,,,,,,,覺得是否札實滿扎實的,授課教師藍弘岳,,報告平均字數2000,,*上課工具投影片,,上課講義自製,,期考難度普通(=不會很難),課程類別通識,,口條清晰清晰,,,,,,*通識課程領域A3,,,期考次數1,,,ID39ECeCWeH,,,,作業次數2,,*開課學期上學期,推薦指數5,,*作業類型報告,,,作業難度普通(=不會很難),課程名稱日本文化史,,,,覺得甜微甜,,,,,,覺得扎實(總和)扎實
,開課年度98,,,,選擇題占考試比例(%)60,,,,授課教師楊典錕,,,,*上課工具投影片,,,,期考難度普通(=不會很難),課程類別通識,調分幅度(=甜度)調很大,,,,,,,*通識課程領域A3,可否打瞌睡可以,期考總佔分比例(%)100,期考次數2,,,ID40ECeCWeH,*教師特色教學用心&逗趣&嘴砲&愛說故事&會講笑話,,,,,*開課學期上學期,推薦指數5,,,,,,課程名稱日本近代歷史人物,,,,覺得甜很甜,,,,,,
,開課年度97,,,,選擇題占考試比例(%)60,會不會喇賽會,會不會點名不會,,授課教師楊典錕,,,,*上課工具投影片,,上課講義自製,,期考難度普通(=不會很難),課程類別通識,調分幅度(=甜度)調很大,,,注重出席率不會,,,課外內容偏多,,,期考總佔分比例(%)100,期考次數2,,覺得涼很涼,ID41ECeCWeH,*教師特色教學用心&逗趣&嘴砲&會講笑話,,,,,*開課學期上學期,推薦指數5,申論題占考試比例(%)40,,,,,課程名稱日本近代歷史人物,,*上課氣氛歡樂&熱絡,,覺得甜很甜,,,,,,
,開課年度98,,,,,,,,授課教師彭文本,,,,*上課工具板書,,,,,課程類別通識,,口條清晰普通,,,,,,*通識課程領域A4,可否打瞌睡不可以,期考總佔分比例(%)70,,,,ID42ECeCWeH,*教師特色人很好,講話速度很快,,,,*開課學期上學期,推薦指數4,申論題占考試比例(%)100,,,出席率佔分比例(%)30,,課程名稱哲學概論丙,,,,,,,,,,
報告次數4,開課年度98,,,,,,,,授課教師蔡耀明,,,作者等第A+,,,上課講義教科書,,,課程類別通識,,口條清晰普通,,,,,,*通識課程領域A4,,,,報告總佔分比例(%)80,,ID43ECeCWeH,,,,,,*開課學期上學期,推薦指數4,,,,出席率佔分比例(%)20,,課程名稱佛學概論,,,,覺得甜微甜,,,,,,
報告次數4,開課年度98,,,,,,,,授課教師蔡耀明,,,,,,上課講義自製,,,課程類別通識,,口條清晰普通,,注重出席率會,,,,*通識課程領域A4,,,,,覺得涼很涼,ID44ECeCWeH,*教師特色講話催眠,,,,,*開課學期上學期,,,,,,,課程名稱佛學概論,,*上課氣氛沉悶,,,,,,,,
,開課年度98,,,,,,會不會點名會,,授課教師陽毅平,,,,*上課工具投影片,,上課講義自製,,,課程類別通識,,,,注重出席率會,,,,*通識課程領域A5&A7,,,,,,ID45ECeCWeH,,,,,,*開課學期上學期,推薦指數5,,,,,,課程名稱工程發展與社會變遷,,,*課程要求課後心得,覺得甜很甜,,,,,,
,開課年度98,,,,,,會不會點名會,,授課教師何輝慶,,,,,,,,,課程類別通識,,,,,,,,*通識課程領域A5,,,期考次數2,,,ID46ECeCWeH,*教師特色會講笑話,,,,,*開課學期上學期,,,*作業類型交心得,,,,課程名稱我國憲法與憲政發展,,,*課程要求課後心得,覺得甜很甜,,,,,,
,開課年度98,,,,,,會不會點名不會,,授課教師何輝慶,,,作者等第A,*上課工具投影片,,上課講義自製,作業總佔分比例(%)50,,課程類別通識,,,,注重出席率不會,,,,*通識課程領域A5,,期考總佔分比例(%)50,,,覺得涼很涼,ID47ECeCWeH,*教師特色講話催眠,,,,,*開課學期上學期,,申論題占考試比例(%)100,*作業類型交心得,,,,課程名稱憲政體制與民主發展,,,*課程要求課後心得,覺得甜微甜,,,,,,
,開課年度98,,,,,,,,授課教師何輝慶,,,作者等第A+,,,上課講義自製,作業總佔分比例(%)30,,課程類別通識,調分幅度(=甜度)調很大,口條清晰清晰,課程有趣程度高,,,,,*通識課程領域A5,,期考總佔分比例(%)60,期考次數2,,覺得涼很涼,ID48ECeCWeH,*教師特色教學用心,,,,,*開課學期上學期,推薦指數5,申論題占考試比例(%)100,,,,,課程名稱族群關係研究,,,,覺得甜很甜,,,,,,
,開課年度98,,,,,,會不會點名不會,,授課教師黃銘傑,幾節課2,,,*上課工具投影片,,上課講義自製,,期考難度普通(=不會很難),課程類別通識,,,,注重出席率不會,上課時間中午,,,*通識課程領域A5,,,期考次數2,,,ID49ECeCWeH,*教師特色人很好&會講笑話,,,,,*開課學期上學期,推薦指數5,,,,,,課程名稱智慧財產權法導論,,*上課氣氛熱絡,,覺得甜很甜,,,,,,
報告次數1,開課年度98,,,,,,會不會點名不會,,授課教師陳明通,,報告平均字數5000,,*上課工具投影片,,上課講義自製,,期考難度簡單,課程類別通識,調分幅度(=甜度)調很大,,,注重出席率不會,,,,*通識課程領域A5,,,期考次數1,,覺得涼很涼,ID50ECeCWeH,*教師特色人很好,,覺得這門課很花時間否,,,*開課學期上學期,推薦指數5,申論題占考試比例(%)100,,,,,課程名稱本國憲法導論,,,,覺得甜很甜,,,,,,
報告次數1,開課年度98,,,,,,會不會點名會,覺得是否札實滿扎實的,授課教師謝寶煖,,,,*上課工具投影片,觀念講解清楚,,,,課程類別通識,,口條清晰普通,,注重出席率會,,,,*通識課程領域A5&A6,,,,,,ID51ECeCWeH,*教師特色教學用心&人很好&逗趣&會講笑話,講話速度偏快,覺得這門課很花時間是,作業次數5,,*開課學期上學期,推薦指數4,,,,,,課程名稱資訊網路資源利用,,,,,,,,,,覺得扎實(總和)扎實
報告次數1,開課年度98,,,,,,會不會點名會,覺得是否札實滿扎實的,授課教師謝寶煖,,,,*上課工具投影片,,,,,課程類別通識,,,,注重出席率會,,,,*通識課程領域A5,,,,,,ID52ECeCWeH,*教師特色教學用心&人很好&逗趣,,,作業次數2,,*開課學期下學期,推薦指數4.5,,,,,,課程名稱資訊網路資源利用,,,,覺得甜微甜,,,,,,覺得扎實(總和)扎實
,開課年度98,,,,,,會不會點名不會,覺得是否札實非常扎實,授課教師謝寶煖,幾節課3,,,*上課工具投影片,,上課講義教科書,,,課程類別通識,,,,注重出席率不會,上課時間下午,,,*通識課程領域A5,可否打瞌睡不可以,期考總佔分比例(%)30,,報告總佔分比例(%)60,,ID53ECeCWeH,*教師特色教學用心&人很好,,,,,*開課學期下學期,推薦指數4,,,,出席率佔分比例(%)10,,課程名稱資訊結構與網站設計,,,*課程要求指定閱讀,,,,,,,覺得扎實(總和)扎實
報告次數0,開課年度99,課程所屬系所電資,作者背景科系電資,,選擇題占考試比例(%)0,會不會喇賽不會,會不會點名不會,覺得是否札實非常扎實,授課教師林晃巖,幾節課3,,作者等第A,*上課工具板書&投影片,觀念講解清楚,,,期考難度很難,課程類別必修,調分幅度(=甜度)微調,口條清晰清晰,課程有趣程度低,注重出席率不會,,,課外內容偶爾有,,可否打瞌睡可以,,期考次數2,,,ID54ECeCWeH,,講話速度很慢,覺得這門課很花時間是,作業次數3,會不會考課外內容不會,,推薦指數4,申論題占考試比例(%)100,,,,作業難度很簡單,課程名稱電磁學一,小考次數2,,,,,作業類型手寫,期考平均占分比例(%)45,小考平均占分比例(%)2,開課學期下學期,覺得扎實(總和)扎實
報告次數0,開課年度99,課程所屬系所電資,,,,,,覺得是否札實非常扎實,授課教師鄭振牟,幾節課3,,,*上課工具板書,,,,,課程類別必修,,,,,,,,,可否打瞌睡可以,,,,,ID55ECeCWeH,,,覺得這門課很花時間是,,,,,,,,,作業難度很難,課程名稱線性代數,,,,,,,,,開課學期下學期,覺得扎實(總和)扎實
報告次數0,開課年度99,課程所屬系所電資,作者背景科系電資,,,,,覺得是否札實非常扎實,授課教師劉深淵,,,,,,,,期考難度普通(=不會很難),課程類別選修,調分幅度(=甜度)沒調,,,,,,,,,,期考次數1,,,ID56ECeCWeH,,,覺得這門課很花時間是,作業次數4,,,,,,,,作業難度很難,課程名稱類比積體電路設計,小考次數0,,,,,作業類型手寫,期考平均占分比例(%)40,小考平均占分比例(%)0,開課學期下學期,覺得扎實(總和)扎實
報告次數0,開課年度99,課程所屬系所電資,作者背景科系電資,,選擇題占考試比例(%)0,會不會喇賽不會,會不會點名不會,覺得是否札實非常扎實,授課教師謝宏昀,幾節課3,,,*上課工具板書&投影片,觀念講解清楚,,,期考難度很難,課程類別必修,,口條清晰普通,課程有趣程度低,注重出席率不會,,,課外內容偶爾有,,,,期考次數2,,,ID57ECeCWeH,,講話速度偏慢,覺得這門課很花時間是,作業次數4,會不會考課外內容不會,,推薦指數5,申論題占考試比例(%)100,,,,作業難度普通(=不會很難),課程名稱機率,小考次數2,,,,,作業類型手寫,期考平均占分比例(%)40,小考平均占分比例(%)0,開課學期下學期,覺得扎實(總和)扎實
,開課年度99,課程所屬系所電資,作者背景科系電資,,選擇題占考試比例(%)0,,,覺得是否札實非常扎實,授課教師陳永耀,,,,*上課工具投影片,觀念講解清楚,,,期考難度難,課程類別選修,,口條清晰清晰,課程有趣程度高,,,,課外內容沒有,,,,期考次數2,,,ID58ECeCWeH,,,覺得這門課很花時間是,作業次數1,,,,申論題占考試比例(%)100,,,,作業難度很難,課程名稱控制系統,小考次數0,,,,,作業類型程式,期考平均占分比例(%)35,小考平均占分比例(%)0,開課學期下學期,覺得扎實(總和)扎實
報告次數0,開課年度99,課程所屬系所電資,作者背景科系電資,,,,,,授課教師鐘孝文,幾節課3,,,*上課工具板書,觀念講解清楚,,,,課程類別必修,,口條清晰清晰,,,,,,,可否打瞌睡可以,,,,,ID59ECeCWeH,,,,,,,,,,,,,課程名稱電子學二,,,,,,作業類型手寫,,,開課學期下學期,
,開課年度99,,作者背景科系電資,,,,,,授課教師葉丙成,,,,,觀念講解清楚,,,,課程類別必修,,口條清晰清晰,,,,,課外內容偏多,,,,,,,ID60ECeCWeH,,,覺得這門課很花時間是,,會不會考課外內容不會,,,,,,,作業難度難,課程名稱機率與統計,,,,,,,,,開課學期下學期,
報告次數0,開課年度99,課程所屬系所電資,作者背景科系電資,,選擇題占考試比例(%)0,,,覺得是否札實非常扎實,授課教師李琳山,,,,*上課工具板書&投影片,觀念講解清楚,,,期考難度難,課程類別必修,調分幅度(=甜度)沒調,,,,,,,,,,期考次數2,,,ID61ECeCWeH,,講話速度偏快,覺得這門課很花時間是,作業次數14,,,推薦指數5,申論題占考試比例(%)100,,,,作業難度難,課程名稱信號與系統,小考次數0,,,,,,期考平均占分比例(%)0,小考平均占分比例(%)0,開課學期下學期,覺得扎實(總和)扎實
報告次數0,開課年度99,課程所屬系所電資,作者背景科系電資,,選擇題占考試比例(%)0,,,,授課教師李百祺,,,,,,,,,課程類別選修,,,課程有趣程度高,,,,,,,,期考次數0,,覺得涼微涼,ID62ECeCWeH,,,覺得這門課很花時間否,作業次數5,,,,申論題占考試比例(%)0,,,,作業難度普通(=不會很難),課程名稱電工實驗(醫工),,,,,,作業類型程式,期考平均占分比例(%)0,小考平均占分比例(%)0,開課學期下學期,
報告次數0,開課年度99,課程所屬系所電資,,修課人數170,選擇題占考試比例(%)0,,會不會點名不會,覺得是否札實非常扎實,授課教師黃鐘揚,幾節課3,報告平均字數0,,*上課工具投影片,觀念講解清楚,,,,課程類別選修,調分幅度(=甜度)調很大,口條清晰含糊,,注重出席率不會,上課時間下午,,,,可否打瞌睡可以,,期考次數0,,,ID63ECeCWeH,,,覺得這門課很花時間是,作業次數7,,,,申論題占考試比例(%)0,,教室擁擠程度擁擠,,作業難度很難,課程名稱資料結構與程式設計,小考次數0,,,,,作業類型程式,期考平均占分比例(%)0,小考平均占分比例(%)0,開課學期上學期,覺得扎實(總和)扎實
報告次數0,開課年度99,,作者背景科系電資,,選擇題占考試比例(%)0,,,覺得是否札實滿扎實的,授課教師連豊力,,,,*上課工具板書&投影片,觀念講解清楚,,,期考難度很難,課程類別必修,,口條清晰清晰,,,,,,,,,期考次數2,,,ID64ECeCWeH,,,覺得這門課很花時間否,作業次數14,,,推薦指數5,申論題占考試比例(%)100,,,,作業難度普通(=不會很難),課程名稱信號與系統,小考次數0,,,,,作業類型手寫,期考平均占分比例(%)35,小考平均占分比例(%)0,開課學期下學期,覺得扎實(總和)扎實
報告次數0,開課年度99,課程所屬系所電資,作者背景科系電資,,,,會不會點名不會,,授課教師鐘孝文,幾節課3,,,*上課工具板書&投影片,觀念講解清楚,,,期考難度很難,課程類別必修,,,,注重出席率不會,,,,,,,期考次數2,,,ID65ECeCWeH,,,覺得這門課很花時間是,作業次數15,,,推薦指數5,,,,,作業難度簡單,課程名稱電子學二,小考次數2,,,,,作業類型手寫,,,開課學期下學期,
,開課年度99,課程所屬系所電資,,,選擇題占考試比例(%)0,,,覺得是否札實滿扎實的,授課教師江介宏,,,,,觀念講解不清楚,,,,課程類別選修,,,,,,,,,,,期考次數2,,,ID66ECeCWeH,,,,,,,,申論題占考試比例(%)100,,,,作業難度難,課程名稱電子設計自動化,小考次數0,,,,,作業類型手寫,期考平均占分比例(%)22.5,小考平均占分比例(%)0,開課學期下學期,覺得扎實(總和)扎實
,開課年度99,課程所屬系所電資,作者背景科系電資,,,,會不會點名會,覺得是否札實非常扎實,授課教師劉致為,,,,*上課工具投影片,觀念講解不清楚,,,期考難度難,課程類別選修,調分幅度(=甜度)沒調,,課程有趣程度低,注重出席率會,,,,,,,期考次數1,,,ID67ECeCWeH,,,,作業次數6,會不會考課外內容會,,,申論題占考試比例(%)100,,,,作業難度普通(=不會很難),課程名稱電工實驗(半導體),小考次數0,,,,,作業類型報告,期考平均占分比例(%)30,小考平均占分比例(%)0,開課學期下學期,覺得扎實(總和)扎實
報告次數0,開課年度99,課程所屬系所電資,,,選擇題占考試比例(%)0,會不會喇賽會,,,授課教師盧奕璋,,,,,觀念講解清楚,,,期考難度難,課程類別選修,,,課程有趣程度高,,,,,,,,期考次數2,,,ID68ECeCWeH,,,覺得這門課很花時間是,作業次數7,,,,申論題占考試比例(%)100,,,,作業難度很難,課程名稱積體電路設計,小考次數0,,,,,作業類型程式,期考平均占分比例(%)30,小考平均占分比例(%)0,開課學期下學期,
報告次數0,開課年度100,課程所屬系所電資,,,選擇題占考試比例(%)0,,,,授課教師簡韶逸,,,,*上課工具板書&投影片,觀念講解清楚,,,期考難度普通(=不會很難),課程類別必修,,口條清晰清晰,,,,,,,,,期考次數2,,,ID69ECeCWeH,,,覺得這門課很花時間否,作業次數7,,,推薦指數5,申論題占考試比例(%)100,,,,作業難度難,課程名稱交換電路與邏輯設計,小考次數2,,,,,作業類型手寫,期考平均占分比例(%)35,,開課學期上學期,
報告次數0,開課年度100,課程所屬系所電資,,修課人數7,選擇題占考試比例(%)0,,,,授課教師陳少傑,,,,,觀念講解清楚,,,,課程類別必修,,,,,,,,,可否打瞌睡可以,,期考次數2,,,ID70ECeCWeH,,,,作業次數7,,,推薦指數4.5,申論題占考試比例(%)100,,教室擁擠程度鬆散,,作業難度普通(=不會很難),課程名稱交換電路與邏輯設計,小考次數2,,,,,作業類型手寫,期考平均占分比例(%)35,小考平均占分比例(%)5,開課學期上學期,
報告次數0,開課年度100,,,,選擇題占考試比例(%)100,,,,授課教師林則彬,,,作者等第A+,*上課工具板書&投影片,觀念講解清楚,,,期考難度簡單,課程類別選修,,,,,,,課外內容偶爾有,,,,期考次數2,,覺得涼很涼,ID71ECeCWeH,,,覺得這門課很花時間否,作業次數0,會不會考課外內容會,,推薦指數5,申論題占考試比例(%)0,,,,,課程名稱生理學,小考次數0,,,,,,期考平均占分比例(%)50,小考平均占分比例(%)0,開課學期上學期,
報告次數0,開課年度100,課程所屬系所電資,作者背景科系電資,,選擇題占考試比例(%)0,會不會喇賽會,會不會點名不會,,授課教師蔡坤諭,,,作者等第A+,*上課工具投影片,觀念講解不清楚,,,期考難度簡單,課程類別選修,調分幅度(=甜度)沒調,口條清晰含糊,,注重出席率不會,,,,,,,期考次數2,,,ID72ECeCWeH,,,,作業次數0,,,推薦指數2,申論題占考試比例(%)100,,,,,課程名稱控制系統,小考次數0,,,,,,期考平均占分比例(%)50,小考平均占分比例(%)0,開課學期上學期,
報告次數0,開課年度100,課程所屬系所電資,,,選擇題占考試比例(%)50,,會不會點名不會,,授課教師宋孔彬,,,作者等第A+,*上課工具投影片,,,,期考難度普通(=不會很難),課程類別選修,調分幅度(=甜度)微調,,課程有趣程度中,注重出席率不會,,,,,可否打瞌睡可以,,期考次數2,,,ID73ECeCWeH,,,覺得這門課很花時間否,作業次數16,,,推薦指數4,申論題占考試比例(%)50,,,,作業難度普通(=不會很難),課程名稱生醫工程概論,小考次數0,,,,,作業類型手寫,期考平均占分比例(%)30,小考平均占分比例(%)0,開課學期上學期,
,開課年度100,,,,選擇題占考試比例(%)0,會不會喇賽會,會不會點名不會,,,,,,*上課工具板書,觀念講解不清楚,,,期考難度難,課程類別選修,,,課程有趣程度中,注重出席率不會,,,,,,,期考次數1,,覺得涼微涼,ID74ECeCWeH,,,覺得這門課很花時間否,作業次數0,,,,申論題占考試比例(%)100,,,,,課程名稱類比積體電路,小考次數0,,,,,,期考平均占分比例(%)100,小考平均占分比例(%)0,開課學期上學期,
報告次數0,開課年度100,課程所屬系所電資,,,選擇題占考試比例(%)0,,會不會點名不會,覺得是否札實非常扎實,授課教師張耀文,,,,,,,,期考難度很難,課程類別選修,,,,注重出席率不會,,,,,,,期考次數2,,,ID75ECeCWeH,,,覺得這門課很花時間是,作業次數8,,,推薦指數5,申論題占考試比例(%)100,,,,,課程名稱演算法,小考次數0,,,,,作業類型程式,期考平均占分比例(%)25,小考平均占分比例(%)0,開課學期上學期,覺得扎實(總和)扎實
,開課年度96,,,,選擇題占考試比例(%)0,,會不會點名會,覺得是否札實滿扎實的,授課教師葉李華,,,,*上課工具投影片,,,,,課程類別通識,,,,注重出席率會,,,,,,期考總佔分比例(%)75,期考次數1,,,ID76ECeCWeH,*教師特色教學用心,,覺得這門課很花時間是,,,*開課學期上學期,推薦指數4,申論題占考試比例(%)100,,,出席率佔分比例(%)15,,課程名稱科幻作品與科技創意,,,,,,,,,,覺得扎實(總和)扎實
,開課年度96,,,,,,會不會點名不會,,授課教師羅森豪,,,,*上課工具投影片,,,,,課程類別通識,,,,注重出席率不會,,,,*通識課程領域A1,,,期考次數0,,覺得涼很涼,ID77ECeCWeH,,,覺得這門課很花時間否,作業次數1,,*開課學期上學期,推薦指數3,,*作業類型交心得,,,作業難度很簡單,課程名稱認識藝術大師,,,,,,,,,,
,開課年度96,,,,,,會不會點名不會,,授課教師羅森豪,,,,,,,,,課程類別通識,,,課程有趣程度高,注重出席率不會,,,,*通識課程領域A1,,,期考次數0,,覺得涼很涼,ID78ECeCWeH,,,覺得這門課很花時間否,作業次數2,,*開課學期上學期,推薦指數6,,*作業類型報告,,,作業難度很簡單,課程名稱認識藝術大師,,,,,,,,,,
